  0
SECTION
  2
HEADER
  9
$ACADVER
  1
AC1032
  9
$ACADMAINTVER
 90
       55
  9
$DWGCODEPAGE
  3
ANSI_1252
  9
$LASTSAVEDBY
  1
noxet
  9
$REQUIREDVERSIONS
160
                 0
  9
$INSBASE
 10
0.0
 20
0.0
 30
0.0
  9
$EXTMIN
 10
1.000000000000000E+20
 20
1.000000000000000E+20
 30
1.000000000000000E+20
  9
$EXTMAX
 10
-1.000000000000000E+20
 20
-1.000000000000000E+20
 30
-1.000000000000000E+20
  9
$LIMMIN
 10
77.3886946
 20
23.63749908
  9
$LIMMAX
 10
138.09171772
 20
74.88197113999999
  9
$ORTHOMODE
 70
     0
  9
$REGENMODE
 70
     1
  9
$FILLMODE
 70
     1
  9
$QTEXTMODE
 70
     0
  9
$MIRRTEXT
 70
     1
  9
$LTSCALE
 40
1.0
  9
$ATTMODE
 70
     1
  9
$TEXTSIZE
 40
0.2
  9
$TRACEWID
 40
0.05
  9
$TEXTSTYLE
  7
Standard
  9
$CLAYER
  8
0
  9
$CELTYPE
  6
ByLayer
  9
$CECOLOR
 62
   256
  9
$CELTSCALE
 40
1.0
  9
$DISPSILH
 70
     0
  9
$DIMSCALE
 40
1.0
  9
$DIMASZ
 40
0.18
  9
$DIMEXO
 40
0.0625
  9
$DIMDLI
 40
0.38
  9
$DIMRND
 40
0.0
  9
$DIMDLE
 40
0.0
  9
$DIMEXE
 40
0.18
  9
$DIMTP
 40
0.0
  9
$DIMTM
 40
0.0
  9
$DIMTXT
 40
0.18
  9
$DIMCEN
 40
0.09
  9
$DIMTSZ
 40
0.0
  9
$DIMTOL
 70
     0
  9
$DIMLIM
 70
     0
  9
$DIMTIH
 70
     1
  9
$DIMTOH
 70
     1
  9
$DIMSE1
 70
     0
  9
$DIMSE2
 70
     0
  9
$DIMTAD
 70
     0
  9
$DIMZIN
 70
     0
  9
$DIMBLK
  1

  9
$DIMASO
 70
     1
  9
$DIMSHO
 70
     1
  9
$DIMPOST
  1

  9
$DIMAPOST
  1

  9
$DIMALT
 70
     0
  9
$DIMALTD
 70
     2
  9
$DIMALTF
 40
25.4
  9
$DIMLFAC
 40
1.0
  9
$DIMTOFL
 70
     0
  9
$DIMTVP
 40
0.0
  9
$DIMTIX
 70
     0
  9
$DIMSOXD
 70
     0
  9
$DIMSAH
 70
     0
  9
$DIMBLK1
  1

  9
$DIMBLK2
  1

  9
$DIMSTYLE
  2
Standard
  9
$DIMCLRD
 70
     0
  9
$DIMCLRE
 70
     0
  9
$DIMCLRT
 70
     0
  9
$DIMTFAC
 40
1.0
  9
$DIMGAP
 40
0.09
  9
$DIMJUST
 70
     0
  9
$DIMSD1
 70
     0
  9
$DIMSD2
 70
     0
  9
$DIMTOLJ
 70
     1
  9
$DIMTZIN
 70
     0
  9
$DIMALTZ
 70
     0
  9
$DIMALTTZ
 70
     0
  9
$DIMUPT
 70
     0
  9
$DIMDEC
 70
     4
  9
$DIMTDEC
 70
     4
  9
$DIMALTU
 70
     2
  9
$DIMALTTD
 70
     2
  9
$DIMTXSTY
  7
Standard
  9
$DIMAUNIT
 70
     0
  9
$DIMADEC
 70
     0
  9
$DIMALTRND
 40
0.0
  9
$DIMAZIN
 70
     0
  9
$DIMDSEP
 70
    46
  9
$DIMATFIT
 70
     3
  9
$DIMFRAC
 70
     0
  9
$DIMLDRBLK
  1

  9
$DIMLUNIT
 70
     2
  9
$DIMLWD
 70
    -2
  9
$DIMLWE
 70
    -2
  9
$DIMTMOVE
 70
     0
  9
$DIMFXL
 40
1.0
  9
$DIMFXLON
 70
     0
  9
$DIMJOGANG
 40
0.7853981633974483
  9
$DIMTFILL
 70
     0
  9
$DIMTFILLCLR
 70
     0
  9
$DIMARCSYM
 70
     0
  9
$DIMLTYPE
  6

  9
$DIMLTEX1
  6

  9
$DIMLTEX2
  6

  9
$DIMTXTDIRECTION
 70
     0
  9
$LUNITS
 70
     2
  9
$LUPREC
 70
     4
  9
$SKETCHINC
 40
0.1
  9
$FILLETRAD
 40
0.0
  9
$AUNITS
 70
     0
  9
$AUPREC
 70
     0
  9
$MENU
  1
.
  9
$ELEVATION
 40
0.0
  9
$PELEVATION
 40
0.0
  9
$THICKNESS
 40
0.0
  9
$LIMCHECK
 70
     0
  9
$CHAMFERA
 40
0.0
  9
$CHAMFERB
 40
0.0
  9
$CHAMFERC
 40
0.0
  9
$CHAMFERD
 40
0.0
  9
$SKPOLY
 70
     0
  9
$TDCREATE
 40
2461175.736508484
  9
$TDUCREATE
 40
2461175.653175151
  9
$TDUPDATE
 40
2461175.736509386
  9
$TDUUPDATE
 40
2461175.653176053
  9
$TDINDWG
 40
0.0000000116
  9
$TDUSRTIMER
 40
0.0000000116
  9
$USRTIMER
 70
     1
  9
$ANGBASE
 50
0.0
  9
$ANGDIR
 70
     0
  9
$PDMODE
 70
     0
  9
$PDSIZE
 40
0.0
  9
$PLINEWID
 40
0.0
  9
$SPLFRAME
 70
     0
  9
$SPLINETYPE
 70
     6
  9
$SPLINESEGS
 70
     8
  9
$HANDSEED
  5
217
  9
$SURFTAB1
 70
     6
  9
$SURFTAB2
 70
     6
  9
$SURFTYPE
 70
     6
  9
$SURFU
 70
     6
  9
$SURFV
 70
     6
  9
$UCSBASE
  2

  9
$UCSNAME
  2

  9
$UCSORG
 10
0.0
 20
0.0
 30
0.0
  9
$UCSXDIR
 10
1.0
 20
0.0
 30
0.0
  9
$UCSYDIR
 10
0.0
 20
1.0
 30
0.0
  9
$UCSORTHOREF
  2

  9
$UCSORTHOVIEW
 70
     0
  9
$UCSORGTOP
 10
0.0
 20
0.0
 30
0.0
  9
$UCSORGBOTTOM
 10
0.0
 20
0.0
 30
0.0
  9
$UCSORGLEFT
 10
0.0
 20
0.0
 30
0.0
  9
$UCSORGRIGHT
 10
0.0
 20
0.0
 30
0.0
  9
$UCSORGFRONT
 10
0.0
 20
0.0
 30
0.0
  9
$UCSORGBACK
 10
0.0
 20
0.0
 30
0.0
  9
$PUCSBASE
  2

  9
$PUCSNAME
  2

  9
$PUCSORG
 10
0.0
 20
0.0
 30
0.0
  9
$PUCSXDIR
 10
1.0
 20
0.0
 30
0.0
  9
$PUCSYDIR
 10
0.0
 20
1.0
 30
0.0
  9
$PUCSORTHOREF
  2

  9
$PUCSORTHOVIEW
 70
     0
  9
$PUCSORGTOP
 10
0.0
 20
0.0
 30
0.0
  9
$PUCSORGBOTTOM
 10
0.0
 20
0.0
 30
0.0
  9
$PUCSORGLEFT
 10
0.0
 20
0.0
 30
0.0
  9
$PUCSORGRIGHT
 10
0.0
 20
0.0
 30
0.0
  9
$PUCSORGFRONT
 10
0.0
 20
0.0
 30
0.0
  9
$PUCSORGBACK
 10
0.0
 20
0.0
 30
0.0
  9
$USERI1
 70
     0
  9
$USERI2
 70
     0
  9
$USERI3
 70
     0
  9
$USERI4
 70
     0
  9
$USERI5
 70
     0
  9
$USERR1
 40
0.0
  9
$USERR2
 40
0.0
  9
$USERR3
 40
0.0
  9
$USERR4
 40
0.0
  9
$USERR5
 40
0.0
  9
$WORLDVIEW
 70
     1
  9
$SHADEDGE
 70
     3
  9
$SHADEDIF
 70
    70
  9
$TILEMODE
 70
     1
  9
$MAXACTVP
 70
    64
  9
$PINSBASE
 10
0.0
 20
0.0
 30
0.0
  9
$PLIMCHECK
 70
     0
  9
$PEXTMIN
 10
1.000000000000000E+20
 20
1.000000000000000E+20
 30
1.000000000000000E+20
  9
$PEXTMAX
 10
-1.000000000000000E+20
 20
-1.000000000000000E+20
 30
-1.000000000000000E+20
  9
$PLIMMIN
 10
0.0
 20
0.0
  9
$PLIMMAX
 10
12.0
 20
9.0
  9
$UNITMODE
 70
     0
  9
$VISRETAIN
 70
     1
  9
$PLINEGEN
 70
     0
  9
$PSLTSCALE
 70
     1
  9
$TREEDEPTH
 70
  3020
  9
$CMLSTYLE
  2
Standard
  9
$CMLJUST
 70
     0
  9
$CMLSCALE
 40
1.0
  9
$PROXYGRAPHICS
 70
     1
  9
$MEASUREMENT
 70
     1
  9
$CELWEIGHT
370
    -1
  9
$ENDCAPS
280
     0
  9
$JOINSTYLE
280
     0
  9
$LWDISPLAY
290
     0
  9
$INSUNITS
 70
     1
  9
$HYPERLINKBASE
  1

  9
$STYLESHEET
  1

  9
$XEDIT
290
     1
  9
$CEPSNTYPE
380
     0
  9
$PSTYLEMODE
290
     1
  9
$FINGERPRINTGUID
  2
{98bcef88-d8f0-48ce-bed4-c7a771623291}
  9
$VERSIONGUID
  2
{FAEB1C32-E019-11D5-929B-00C0DF256EC4}
  9
$EXTNAMES
290
     1
  9
$PSVPSCALE
 40
0.0
  9
$OLESTARTUP
290
     0
  9
$SORTENTS
280
   127
  9
$INDEXCTL
280
     0
  9
$HIDETEXT
280
     1
  9
$XCLIPFRAME
280
     2
  9
$HALOGAP
280
     0
  9
$OBSCOLOR
 70
   257
  9
$OBSLTYPE
280
     0
  9
$INTERSECTIONDISPLAY
280
     0
  9
$INTERSECTIONCOLOR
 70
   257
  9
$DIMASSOC
280
     2
  9
$PROJECTNAME
  1

  9
$CAMERADISPLAY
290
     0
  9
$LENSLENGTH
 40
50.0
  9
$CAMERAHEIGHT
 40
0.0
  9
$STEPSPERSEC
 40
2.0
  9
$STEPSIZE
 40
6.0
  9
$3DDWFPREC
 40
2.0
  9
$PSOLWIDTH
 40
0.25
  9
$PSOLHEIGHT
 40
4.0
  9
$LOFTANG1
 40
1.570796326794897
  9
$LOFTANG2
 40
1.570796326794897
  9
$LOFTMAG1
 40
0.0
  9
$LOFTMAG2
 40
0.0
  9
$LOFTPARAM
 70
     7
  9
$LOFTNORMALS
280
     1
  9
$LATITUDE
 40
37.795
  9
$LONGITUDE
 40
-122.394
  9
$NORTHDIRECTION
 40
0.0
  9
$TIMEZONE
 70
 -8000
  9
$LIGHTGLYPHDISPLAY
280
     1
  9
$TILEMODELIGHTSYNCH
280
     1
  9
$CMATERIAL
347
44
  9
$SOLIDHIST
280
     0
  9
$SHOWHIST
280
     1
  9
$DWFFRAME
280
     2
  9
$DGNFRAME
280
     2
  9
$REALWORLDSCALE
290
     1
  9
$INTERFERECOLOR
 62
   256
  9
$CSHADOW
280
     0
  9
$SHADOWPLANELOCATION
 40
0.0
  0
ENDSEC
  0
SECTION
  2
CLASSES
  0
CLASS
  1
ACDBDICTIONARYWDFLT
  2
AcDbDictionaryWithDefault
  3
ObjectDBX Classes
 90
        0
 91
        3
280
     0
281
     0
  0
CLASS
  1
VISUALSTYLE
  2
AcDbVisualStyle
  3
ObjectDBX Classes
 90
     4095
 91
        3
280
     0
281
     0
  0
CLASS
  1
MATERIAL
  2
AcDbMaterial
  3
ObjectDBX Classes
 90
     1153
 91
        3
280
     0
281
     0
  0
CLASS
  1
SCALE
  2
AcDbScale
  3
ObjectDBX Classes
 90
     1153
 91
        3
280
     0
281
     0
  0
CLASS
  1
TABLESTYLE
  2
AcDbTableStyle
  3
ObjectDBX Classes
 90
     4095
 91
        3
280
     0
281
     0
  0
CLASS
  1
MLEADERSTYLE
  2
AcDbMLeaderStyle
  3
ACDB_MLEADERSTYLE_CLASS
 90
     4095
 91
        3
280
     0
281
     0
  0
CLASS
  1
SUN
  2
AcDbSun
  3
SCENEOE
 90
     1153
 91
        3
280
     0
281
     0
  0
CLASS
  1
DICTIONARYVAR
  2
AcDbDictionaryVar
  3
ObjectDBX Classes
 90
        0
 91
        3
280
     0
281
     0
  0
CLASS
  1
CELLSTYLEMAP
  2
AcDbCellStyleMap
  3
ObjectDBX Classes
 90
     1152
 91
        3
280
     0
281
     0
  0
ENDSEC
  0
SECTION
  2
TABLES
  0
TABLE
  2
VPORT
  5
8
330
0
100
AcDbSymbolTable
 70
     1
  0
VPORT
  5
29
330
8
100
AcDbSymbolTableRecord
100
AcDbViewportTableRecord
  2
*Active
 70
     0
 10
0.0
 20
0.0
 11
1.0
 21
1.0
 12
10.42990654205607
 22
4.5
 13
0.0
 23
0.0
 14
0.5
 24
0.5
 15
0.5
 25
0.5
 16
0.0
 26
0.0
 36
1.0
 17
0.0
 27
0.0
 37
0.0
 40
9.0
 41
1.972972972850329
 42
50.0
 43
0.0
 44
0.0
 50
0.0
 51
0.0
 71
     0
 72
   100
 73
     1
 74
     3
 75
     0
 76
     0
 77
     0
 78
     0
281
     0
 65
     1
110
0.0
120
0.0
130
0.0
111
1.0
121
0.0
131
0.0
112
0.0
122
1.0
132
0.0
 79
     0
146
0.0
348
2F
 60
     3
 61
     5
292
     1
282
     1
141
0.0
142
0.0
 63
   250
361
5D
  0
ENDTAB
  0
TABLE
  2
LTYPE
  5
5
330
0
100
AcDbSymbolTable
 70
     1
  0
LTYPE
  5
14
330
5
100
AcDbSymbolTableRecord
100
AcDbLinetypeTableRecord
  2
ByBlock
 70
     0
  3

 72
    65
 73
     0
 40
0.0
  0
LTYPE
  5
15
330
5
100
AcDbSymbolTableRecord
100
AcDbLinetypeTableRecord
  2
ByLayer
 70
     0
  3

 72
    65
 73
     0
 40
0.0
  0
LTYPE
  5
16
330
5
100
AcDbSymbolTableRecord
100
AcDbLinetypeTableRecord
  2
Continuous
 70
     0
  3
Solid line
 72
    65
 73
     0
 40
0.0
  0
ENDTAB
  0
TABLE
  2
LAYER
  5
2
330
0
100
AcDbSymbolTable
 70
     5
  0
LAYER
  5
10
330
2
100
AcDbSymbolTableRecord
100
AcDbLayerTableRecord
  2
0
 70
     0
 62
     7
  6
Continuous
370
    -3
390
F
347
46
348
0
  0
LAYER
  5
5E
330
2
100
AcDbSymbolTableRecord
100
AcDbLayerTableRecord
  2
Mechanical 13
 70
     0
 62
    56
  6
Continuous
370
    -3
390
F
347
46
348
0
  0
LAYER
  5
5F
330
2
100
AcDbSymbolTableRecord
100
AcDbLayerTableRecord
  2
Mechanical 1
 70
     0
 62
     6
  6
Continuous
370
    -3
390
F
347
46
348
0
  0
LAYER
  5
60
330
2
100
AcDbSymbolTableRecord
100
AcDbLayerTableRecord
  2
Keep-Out Layer
 70
     0
 62
     6
  6
Continuous
370
    -3
390
F
347
46
348
0
  0
LAYER
  5
61
330
2
100
AcDbSymbolTableRecord
100
AcDbLayerTableRecord
  2
Multi-Layer
 70
     0
 62
     9
  6
Continuous
370
    -3
390
F
347
46
348
0
  0
ENDTAB
  0
TABLE
  2
STYLE
  5
3
330
0
100
AcDbSymbolTable
 70
     3
  0
STYLE
  5
11
330
3
100
AcDbSymbolTableRecord
100
AcDbTextStyleTableRecord
  2
Standard
 70
     0
 40
0.0
 41
1.0
 50
0.0
 71
     0
 42
0.2
  3
txt
  4

  0
STYLE
  5
95
330
3
100
AcDbSymbolTableRecord
100
AcDbTextStyleTableRecord
  2
Arial_Bold
 70
     0
 40
0.2
 41
1.0
 50
0.0
 71
     0
 42
0.2
  3

  4

1001
ACAD
1000
Arial
1071
 33554432
  0
STYLE
  5
B7
330
3
100
AcDbSymbolTableRecord
100
AcDbTextStyleTableRecord
  2
Arial
 70
     0
 40
0.2
 41
1.0
 50
0.0
 71
     0
 42
0.2
  3

  4

1001
ACAD
1000
Arial
1071
        0
  0
ENDTAB
  0
TABLE
  2
VIEW
  5
6
330
0
100
AcDbSymbolTable
 70
     0
  0
ENDTAB
  0
TABLE
  2
UCS
  5
7
330
0
100
AcDbSymbolTable
 70
     0
  0
ENDTAB
  0
TABLE
  2
APPID
  5
9
330
0
100
AcDbSymbolTable
 70
     1
  0
APPID
  5
12
330
9
100
AcDbSymbolTableRecord
100
AcDbRegAppTableRecord
  2
ACAD
 70
     0
  0
ENDTAB
  0
TABLE
  2
DIMSTYLE
  5
A
330
0
100
AcDbSymbolTable
 70
     1
100
AcDbDimStyleTable
  0
DIMSTYLE
105
27
330
A
100
AcDbSymbolTableRecord
100
AcDbDimStyleTableRecord
  2
Standard
 70
     0
178
     0
340
11
  0
ENDTAB
  0
TABLE
  2
BLOCK_RECORD
  5
1
330
0
100
AcDbSymbolTable
 70
    22
  0
BLOCK_RECORD
  5
1F
330
1
100
AcDbSymbolTableRecord
100
AcDbBlockTableRecord
  2
*Model_Space
340
22
 70
     0
280
     1
281
     0
  0
BLOCK_RECORD
  5
1B
330
1
100
AcDbSymbolTableRecord
100
AcDbBlockTableRecord
  2
*Paper_Space
340
1E
 70
     0
280
     1
281
     0
  0
BLOCK_RECORD
  5
23
330
1
100
AcDbSymbolTableRecord
100
AcDbBlockTableRecord
  2
*Paper_Space0
340
26
 70
     0
280
     1
281
     0
  0
BLOCK_RECORD
  5
83
330
1
100
AcDbSymbolTableRecord
100
AcDbBlockTableRecord
  2
DO_214AC_85
340
0
102
{BLKREFS
331
84
102
}
 70
     0
280
     1
281
     0
  0
BLOCK_RECORD
  5
85
330
1
100
AcDbSymbolTableRecord
100
AcDbBlockTableRecord
  2
ESP32_C6_ZERO_86
340
0
102
{BLKREFS
331
97
102
}
 70
     0
280
     1
281
     0
  0
BLOCK_RECORD
  5
98
330
1
100
AcDbSymbolTableRecord
100
AcDbBlockTableRecord
  2
P____PAD_S___8_87
340
0
102
{BLKREFS
331
A9
102
}
 70
     0
280
     1
281
     0
  0
BLOCK_RECORD
  5
AA
330
1
100
AcDbSymbolTableRecord
100
AcDbBlockTableRecord
  2
0805_B_88
340
0
102
{BLKREFS
331
B9
102
}
 70
     0
280
     1
281
     0
  0
BLOCK_RECORD
  5
BA
330
1
100
AcDbSymbolTableRecord
100
AcDbBlockTableRecord
  2
0805_B_89
340
0
102
{BLKREFS
331
C8
102
}
 70
     0
280
     1
281
     0
  0
BLOCK_RECORD
  5
C9
330
1
100
AcDbSymbolTableRecord
100
AcDbBlockTableRecord
  2
0805_B_90
340
0
102
{BLKREFS
331
D7
102
}
 70
     0
280
     1
281
     0
  0
BLOCK_RECORD
  5
D8
330
1
100
AcDbSymbolTableRecord
100
AcDbBlockTableRecord
  2
0805_B_91
340
0
102
{BLKREFS
331
E6
102
}
 70
     0
280
     1
281
     0
  0
BLOCK_RECORD
  5
E7
330
1
100
AcDbSymbolTableRecord
100
AcDbBlockTableRecord
  2
0805_B_92
340
0
102
{BLKREFS
331
F5
102
}
 70
     0
280
     1
281
     0
  0
BLOCK_RECORD
  5
F6
330
1
100
AcDbSymbolTableRecord
100
AcDbBlockTableRecord
  2
0805_B_93
340
0
102
{BLKREFS
331
104
102
}
 70
     0
280
     1
281
     0
  0
BLOCK_RECORD
  5
105
330
1
100
AcDbSymbolTableRecord
100
AcDbBlockTableRecord
  2
BC547_TO_92_BENT_94
340
0
102
{BLKREFS
331
119
102
}
 70
     0
280
     1
281
     0
  0
BLOCK_RECORD
  5
11A
330
1
100
AcDbSymbolTableRecord
100
AcDbBlockTableRecord
  2
BC547_TO_92_BENT_95
340
0
102
{BLKREFS
331
12E
102
}
 70
     0
280
     1
281
     0
  0
BLOCK_RECORD
  5
12F
330
1
100
AcDbSymbolTableRecord
100
AcDbBlockTableRecord
  2
BC547_TO_92_BENT_96
340
0
102
{BLKREFS
331
143
102
}
 70
     0
280
     1
281
     0
  0
BLOCK_RECORD
  5
144
330
1
100
AcDbSymbolTableRecord
100
AcDbBlockTableRecord
  2
4_P____B_____2_54___TBC05_97
340
0
102
{BLKREFS
331
15F
102
}
 70
     0
280
     1
281
     0
  0
BLOCK_RECORD
  5
160
330
1
100
AcDbSymbolTableRecord
100
AcDbBlockTableRecord
  2
_______L_98
340
0
102
{BLKREFS
331
174
102
}
 70
     0
280
     1
281
     0
  0
BLOCK_RECORD
  5
175
330
1
100
AcDbSymbolTableRecord
100
AcDbBlockTableRecord
  2
I________SRN8040_99
340
0
102
{BLKREFS
331
183
102
}
 70
     0
280
     1
281
     0
  0
BLOCK_RECORD
  5
184
330
1
100
AcDbSymbolTableRecord
100
AcDbBlockTableRecord
  2
2_P____B_____2_54____TBC05_100
340
0
102
{BLKREFS
331
199
102
}
 70
     0
280
     1
281
     0
  0
BLOCK_RECORD
  5
19A
330
1
100
AcDbSymbolTableRecord
100
AcDbBlockTableRecord
  2
CASE_403A_101
340
0
102
{BLKREFS
331
19B
102
}
 70
     0
280
     1
281
     0
  0
BLOCK_RECORD
  5
19C
330
1
100
AcDbSymbolTableRecord
100
AcDbBlockTableRecord
  2
C____SMD__P______5_3_5_3___102
340
0
102
{BLKREFS
331
1B0
102
}
 70
     0
280
     1
281
     0
  0
BLOCK_RECORD
  5
1B1
330
1
100
AcDbSymbolTableRecord
100
AcDbBlockTableRecord
  2
0805______103
340
0
102
{BLKREFS
331
1BF
102
}
 70
     0
280
     1
281
     0
  0
BLOCK_RECORD
  5
1C0
330
1
100
AcDbSymbolTableRecord
100
AcDbBlockTableRecord
  2
C____SMD__P______5_3_5_3___104
340
0
102
{BLKREFS
331
1D4
102
}
 70
     0
280
     1
281
     0
  0
BLOCK_RECORD
  5
1D5
330
1
100
AcDbSymbolTableRecord
100
AcDbBlockTableRecord
  2
0805______105
340
0
102
{BLKREFS
331
1E3
102
}
 70
     0
280
     1
281
     0
  0
ENDTAB
  0
ENDSEC
  0
SECTION
  2
BLOCKS
  0
BLOCK
  5
20
330
1F
100
AcDbEntity
  8
0
100
AcDbBlockBegin
  2
*Model_Space
 70
     0
 10
0.0
 20
0.0
 30
0.0
  3
*Model_Space
  1

  0
ENDBLK
  5
21
330
1F
100
AcDbEntity
  8
0
100
AcDbBlockEnd
  0
BLOCK
  5
1C
330
1B
100
AcDbEntity
 67
     1
  8
0
100
AcDbBlockBegin
  2
*Paper_Space
 70
     0
 10
0.0
 20
0.0
 30
0.0
  3
*Paper_Space
  1

  0
ENDBLK
  5
1D
330
1B
100
AcDbEntity
 67
     1
  8
0
100
AcDbBlockEnd
  0
BLOCK
  5
24
330
23
100
AcDbEntity
  8
0
100
AcDbBlockBegin
  2
*Paper_Space0
 70
     0
 10
0.0
 20
0.0
 30
0.0
  3
*Paper_Space0
  1

  0
ENDBLK
  5
25
330
23
100
AcDbEntity
  8
0
100
AcDbBlockEnd
  0
BLOCK
  5
1E4
330
83
100
AcDbEntity
  8
0
100
AcDbBlockBegin
  2
DO_214AC_85
 70
     0
 10
0.0
 20
0.0
 30
0.0
  3
DO_214AC_85
  1

  0
ENDBLK
  5
1E5
330
83
100
AcDbEntity
  8
0
100
AcDbBlockEnd
  0
BLOCK
  5
1E6
330
85
100
AcDbEntity
  8
0
100
AcDbBlockBegin
  2
ESP32_C6_ZERO_86
 70
     0
 10
0.0
 20
0.0
 30
0.0
  3
ESP32_C6_ZERO_86
  1

  0
LWPOLYLINE
  5
86
330
85
100
AcDbEntity
  8
Mechanical 13
100
AcDbPolyline
 90
        2
 70
     0
 43
0.0999998
 10
17.99999956
 20
1.58999936
 10
0.0
 20
1.58999936
  0
LWPOLYLINE
  5
87
330
85
100
AcDbEntity
  8
Mechanical 13
100
AcDbPolyline
 90
        2
 70
     1
 43
0.0499999
 10
17.97500088
 20
1.58999936
 42
1.0
 10
18.02499824
 20
1.58999936
 42
1.0
  0
LWPOLYLINE
  5
88
330
85
100
AcDbEntity
  8
Mechanical 13
100
AcDbPolyline
 90
        2
 70
     1
 43
0.0499999
 10
-0.02499868
 20
1.58999936
 42
1.0
 10
0.02499868
 20
1.58999936
 42
1.0
  0
LWPOLYLINE
  5
89
330
85
100
AcDbEntity
  8
Mechanical 13
100
AcDbPolyline
 90
        2
 70
     0
 43
0.0999998
 10
17.99999956
 20
2.84999938
 10
0.0
 20
2.84999938
  0
LWPOLYLINE
  5
8A
330
85
100
AcDbEntity
  8
Mechanical 13
100
AcDbPolyline
 90
        2
 70
     1
 43
0.0499999
 10
17.97500088
 20
2.84999938
 42
1.0
 10
18.02499824
 20
2.84999938
 42
1.0
  0
LWPOLYLINE
  5
8B
330
85
100
AcDbEntity
  8
Mechanical 13
100
AcDbPolyline
 90
        2
 70
     1
 43
0.0499999
 10
-0.02499868
 20
2.84999938
 42
1.0
 10
0.02499868
 20
2.84999938
 42
1.0
  0
LWPOLYLINE
  5
8C
330
85
100
AcDbEntity
  8
Mechanical 13
100
AcDbPolyline
 90
        2
 70
     0
 43
0.0999998
 10
0.0
 20
1.58999936
 10
0.0
 20
-21.90999936
  0
LWPOLYLINE
  5
8D
330
85
100
AcDbEntity
  8
Mechanical 13
100
AcDbPolyline
 90
        2
 70
     1
 43
0.0499999
 10
-0.02499868
 20
1.58999936
 42
1.0
 10
0.02499868
 20
1.58999936
 42
1.0
  0
LWPOLYLINE
  5
8E
330
85
100
AcDbEntity
  8
Mechanical 13
100
AcDbPolyline
 90
        2
 70
     1
 43
0.0499999
 10
-0.02499868
 20
-21.90999936
 42
1.0
 10
0.02499868
 20
-21.90999936
 42
1.0
  0
LWPOLYLINE
  5
8F
330
85
100
AcDbEntity
  8
Mechanical 13
100
AcDbPolyline
 90
        2
 70
     0
 43
0.0999998
 10
17.99999956
 20
1.58999936
 10
17.99999956
 20
-21.90999936
  0
LWPOLYLINE
  5
90
330
85
100
AcDbEntity
  8
Mechanical 13
100
AcDbPolyline
 90
        2
 70
     1
 43
0.0499999
 10
17.97500088
 20
1.58999936
 42
1.0
 10
18.02499824
 20
1.58999936
 42
1.0
  0
LWPOLYLINE
  5
91
330
85
100
AcDbEntity
  8
Mechanical 13
100
AcDbPolyline
 90
        2
 70
     1
 43
0.0499999
 10
17.97500088
 20
-21.90999936
 42
1.0
 10
18.02499824
 20
-21.90999936
 42
1.0
  0
LWPOLYLINE
  5
92
330
85
100
AcDbEntity
  8
Mechanical 13
100
AcDbPolyline
 90
        2
 70
     0
 43
0.0999998
 10
17.99999956
 20
-21.90999936
 10
0.0
 20
-21.90999936
  0
LWPOLYLINE
  5
93
330
85
100
AcDbEntity
  8
Mechanical 13
100
AcDbPolyline
 90
        2
 70
     1
 43
0.0499999
 10
17.97500088
 20
-21.90999936
 42
1.0
 10
18.02499824
 20
-21.90999936
 42
1.0
  0
LWPOLYLINE
  5
94
330
85
100
AcDbEntity
  8
Mechanical 13
100
AcDbPolyline
 90
        2
 70
     1
 43
0.0499999
 10
-0.02499868
 20
-21.90999936
 42
1.0
 10
0.02499868
 20
-21.90999936
 42
1.0
  0
TEXT
  5
96
330
85
100
AcDbEntity
  8
Mechanical 13
100
AcDbText
 10
10.5000171
 20
-19.9999854
 30
0.0
 40
2.00000108
  1
U1
 50
90.0
  7
Arial_Bold
100
AcDbText
  0
ENDBLK
  5
1E7
330
85
100
AcDbEntity
  8
0
100
AcDbBlockEnd
  0
BLOCK
  5
1E8
330
98
100
AcDbEntity
  8
0
100
AcDbBlockBegin
  2
P____PAD_S___8_87
 70
     0
 10
0.0
 20
0.0
 30
0.0
  3
P____PAD_S___8_87
  1

  0
LWPOLYLINE
  5
99
330
98
100
AcDbEntity
  8
Mechanical 13
100
AcDbPolyline
 90
        2
 70
     0
 43
0.0999998
 10
-1.95000118
 20
2.59999988
 10
1.95000118
 20
2.59999988
  0
LWPOLYLINE
  5
9A
330
98
100
AcDbEntity
  8
Mechanical 13
100
AcDbPolyline
 90
        2
 70
     1
 43
0.0499999
 10
-1.97499986
 20
2.59999988
 42
1.0
 10
-1.9250025
 20
2.59999988
 42
1.0
  0
LWPOLYLINE
  5
9B
330
98
100
AcDbEntity
  8
Mechanical 13
100
AcDbPolyline
 90
        2
 70
     1
 43
0.0499999
 10
1.9250025
 20
2.59999988
 42
1.0
 10
1.97499986
 20
2.59999988
 42
1.0
  0
LWPOLYLINE
  5
9C
330
98
100
AcDbEntity
  8
Mechanical 13
100
AcDbPolyline
 90
        2
 70
     0
 43
0.0999998
 10
1.95000118
 20
-2.59999988
 10
1.95000118
 20
2.59999988
  0
LWPOLYLINE
  5
9D
330
98
100
AcDbEntity
  8
Mechanical 13
100
AcDbPolyline
 90
        2
 70
     1
 43
0.0499999
 10
1.9250025
 20
-2.59999988
 42
1.0
 10
1.97499986
 20
-2.59999988
 42
1.0
  0
LWPOLYLINE
  5
9E
330
98
100
AcDbEntity
  8
Mechanical 13
100
AcDbPolyline
 90
        2
 70
     1
 43
0.0499999
 10
1.9250025
 20
2.59999988
 42
1.0
 10
1.97499986
 20
2.59999988
 42
1.0
  0
LWPOLYLINE
  5
9F
330
98
100
AcDbEntity
  8
Mechanical 13
100
AcDbPolyline
 90
        2
 70
     0
 43
0.0999998
 10
-1.95000118
 20
-2.59999988
 10
1.95000118
 20
-2.59999988
  0
LWPOLYLINE
  5
A0
330
98
100
AcDbEntity
  8
Mechanical 13
100
AcDbPolyline
 90
        2
 70
     1
 43
0.0499999
 10
-1.97499986
 20
-2.59999988
 42
1.0
 10
-1.9250025
 20
-2.59999988
 42
1.0
  0
LWPOLYLINE
  5
A1
330
98
100
AcDbEntity
  8
Mechanical 13
100
AcDbPolyline
 90
        2
 70
     1
 43
0.0499999
 10
1.9250025
 20
-2.59999988
 42
1.0
 10
1.97499986
 20
-2.59999988
 42
1.0
  0
LWPOLYLINE
  5
A2
330
98
100
AcDbEntity
  8
Mechanical 13
100
AcDbPolyline
 90
        2
 70
     0
 43
0.0999998
 10
-1.95000118
 20
-2.59999988
 10
-1.95000118
 20
2.59999988
  0
LWPOLYLINE
  5
A3
330
98
100
AcDbEntity
  8
Mechanical 13
100
AcDbPolyline
 90
        2
 70
     1
 43
0.0499999
 10
-1.97499986
 20
-2.59999988
 42
1.0
 10
-1.9250025
 20
-2.59999988
 42
1.0
  0
LWPOLYLINE
  5
A4
330
98
100
AcDbEntity
  8
Mechanical 13
100
AcDbPolyline
 90
        2
 70
     1
 43
0.0499999
 10
-1.97499986
 20
2.59999988
 42
1.0
 10
-1.9250025
 20
2.59999988
 42
1.0
  0
LWPOLYLINE
  5
A5
330
98
100
AcDbEntity
  8
Mechanical 13
100
AcDbPolyline
 90
        2
 70
     1
 43
0.254
 10
-1.20000014
 20
2.00000108
 42
1.0
 10
-1.39999974
 20
2.00000108
 42
1.0
  0
LWPOLYLINE
  5
A6
330
98
100
AcDbEntity
  8
Mechanical 13
100
AcDbPolyline
 90
        2
 70
     1
 43
0.127
 10
-1.26350014
 20
2.00000108
 42
1.0
 10
-1.13650014
 20
2.00000108
 42
1.0
  0
LWPOLYLINE
  5
A7
330
98
100
AcDbEntity
  8
Mechanical 13
100
AcDbPolyline
 90
        2
 70
     1
 43
0.127
 10
-1.46349974
 20
2.00000108
 42
1.0
 10
-1.33649974
 20
2.00000108
 42
1.0
  0
TEXT
  5
A8
330
98
100
AcDbEntity
  8
Mechanical 13
100
AcDbText
 10
0.6000064199999999
 20
-1.8999962
 30
0.0
 40
1.00000054
  1
VR1
 50
90.0
  7
Arial_Bold
100
AcDbText
  0
ENDBLK
  5
1E9
330
98
100
AcDbEntity
  8
0
100
AcDbBlockEnd
  0
BLOCK
  5
1EA
330
AA
100
AcDbEntity
  8
0
100
AcDbBlockBegin
  2
0805_B_88
 70
     0
 10
0.0
 20
0.0
 30
0.0
  3
0805_B_88
  1

  0
LWPOLYLINE
  5
AB
330
AA
100
AcDbEntity
  8
Mechanical 13
100
AcDbPolyline
 90
        2
 70
     0
 43
0.0999998
 10
-0.69993256
 20
-0.8000009399999999
 10
2.69999968
 20
-0.8000009399999999
  0
LWPOLYLINE
  5
AC
330
AA
100
AcDbEntity
  8
Mechanical 13
100
AcDbPolyline
 90
        2
 70
     1
 43
0.0499999
 10
-0.72493124
 20
-0.8000009399999999
 42
1.0
 10
-0.67493388
 20
-0.8000009399999999
 42
1.0
  0
LWPOLYLINE
  5
AD
330
AA
100
AcDbEntity
  8
Mechanical 13
100
AcDbPolyline
 90
        2
 70
     1
 43
0.0499999
 10
2.675001
 20
-0.8000009399999999
 42
1.0
 10
2.72499836
 20
-0.8000009399999999
 42
1.0
  0
LWPOLYLINE
  5
AE
330
AA
100
AcDbEntity
  8
Mechanical 13
100
AcDbPolyline
 90
        2
 70
     0
 43
0.0999998
 10
-0.69993256
 20
0.8000009399999999
 10
2.69999968
 20
0.8000009399999999
  0
LWPOLYLINE
  5
AF
330
AA
100
AcDbEntity
  8
Mechanical 13
100
AcDbPolyline
 90
        2
 70
     1
 43
0.0499999
 10
-0.72493124
 20
0.8000009399999999
 42
1.0
 10
-0.67493388
 20
0.8000009399999999
 42
1.0
  0
LWPOLYLINE
  5
B0
330
AA
100
AcDbEntity
  8
Mechanical 13
100
AcDbPolyline
 90
        2
 70
     1
 43
0.0499999
 10
2.675001
 20
0.8000009399999999
 42
1.0
 10
2.72499836
 20
0.8000009399999999
 42
1.0
  0
LWPOLYLINE
  5
B1
330
AA
100
AcDbEntity
  8
Mechanical 13
100
AcDbPolyline
 90
        2
 70
     0
 43
0.0999998
 10
-0.69993256
 20
-0.8000009399999999
 10
-0.69993256
 20
0.8000009399999999
  0
LWPOLYLINE
  5
B2
330
AA
100
AcDbEntity
  8
Mechanical 13
100
AcDbPolyline
 90
        2
 70
     1
 43
0.0499999
 10
-0.72493124
 20
-0.8000009399999999
 42
1.0
 10
-0.67493388
 20
-0.8000009399999999
 42
1.0
  0
LWPOLYLINE
  5
B3
330
AA
100
AcDbEntity
  8
Mechanical 13
100
AcDbPolyline
 90
        2
 70
     1
 43
0.0499999
 10
-0.72493124
 20
0.8000009399999999
 42
1.0
 10
-0.67493388
 20
0.8000009399999999
 42
1.0
  0
LWPOLYLINE
  5
B4
330
AA
100
AcDbEntity
  8
Mechanical 13
100
AcDbPolyline
 90
        2
 70
     0
 43
0.0999998
 10
2.69999968
 20
-0.8000009399999999
 10
2.69999968
 20
0.8000009399999999
  0
LWPOLYLINE
  5
B5
330
AA
100
AcDbEntity
  8
Mechanical 13
100
AcDbPolyline
 90
        2
 70
     1
 43
0.0499999
 10
2.675001
 20
-0.8000009399999999
 42
1.0
 10
2.72499836
 20
-0.8000009399999999
 42
1.0
  0
LWPOLYLINE
  5
B6
330
AA
100
AcDbEntity
  8
Mechanical 13
100
AcDbPolyline
 90
        2
 70
     1
 43
0.0499999
 10
2.675001
 20
0.8000009399999999
 42
1.0
 10
2.72499836
 20
0.8000009399999999
 42
1.0
  0
TEXT
  5
B8
330
AA
100
AcDbEntity
  8
Mechanical 13
100
AcDbText
 10
-0.2999994
 20
0.1999996
 30
0.0
 40
0.3999992
  1
R6
 50
180.0
  7
Arial
 71
     2
100
AcDbText
  0
ENDBLK
  5
1EB
330
AA
100
AcDbEntity
  8
0
100
AcDbBlockEnd
  0
BLOCK
  5
1EC
330
BA
100
AcDbEntity
  8
0
100
AcDbBlockBegin
  2
0805_B_89
 70
     0
 10
0.0
 20
0.0
 30
0.0
  3
0805_B_89
  1

  0
LWPOLYLINE
  5
BB
330
BA
100
AcDbEntity
  8
Mechanical 13
100
AcDbPolyline
 90
        2
 70
     0
 43
0.0999998
 10
-0.69993256
 20
-0.8000009399999999
 10
2.69999968
 20
-0.8000009399999999
  0
LWPOLYLINE
  5
BC
330
BA
100
AcDbEntity
  8
Mechanical 13
100
AcDbPolyline
 90
        2
 70
     1
 43
0.0499999
 10
-0.72493124
 20
-0.8000009399999999
 42
1.0
 10
-0.67493388
 20
-0.8000009399999999
 42
1.0
  0
LWPOLYLINE
  5
BD
330
BA
100
AcDbEntity
  8
Mechanical 13
100
AcDbPolyline
 90
        2
 70
     1
 43
0.0499999
 10
2.675001
 20
-0.8000009399999999
 42
1.0
 10
2.72499836
 20
-0.8000009399999999
 42
1.0
  0
LWPOLYLINE
  5
BE
330
BA
100
AcDbEntity
  8
Mechanical 13
100
AcDbPolyline
 90
        2
 70
     0
 43
0.0999998
 10
-0.69993256
 20
0.8000009399999999
 10
2.69999968
 20
0.8000009399999999
  0
LWPOLYLINE
  5
BF
330
BA
100
AcDbEntity
  8
Mechanical 13
100
AcDbPolyline
 90
        2
 70
     1
 43
0.0499999
 10
-0.72493124
 20
0.8000009399999999
 42
1.0
 10
-0.67493388
 20
0.8000009399999999
 42
1.0
  0
LWPOLYLINE
  5
C0
330
BA
100
AcDbEntity
  8
Mechanical 13
100
AcDbPolyline
 90
        2
 70
     1
 43
0.0499999
 10
2.675001
 20
0.8000009399999999
 42
1.0
 10
2.72499836
 20
0.8000009399999999
 42
1.0
  0
LWPOLYLINE
  5
C1
330
BA
100
AcDbEntity
  8
Mechanical 13
100
AcDbPolyline
 90
        2
 70
     0
 43
0.0999998
 10
-0.69993256
 20
-0.8000009399999999
 10
-0.69993256
 20
0.8000009399999999
  0
LWPOLYLINE
  5
C2
330
BA
100
AcDbEntity
  8
Mechanical 13
100
AcDbPolyline
 90
        2
 70
     1
 43
0.0499999
 10
-0.72493124
 20
-0.8000009399999999
 42
1.0
 10
-0.67493388
 20
-0.8000009399999999
 42
1.0
  0
LWPOLYLINE
  5
C3
330
BA
100
AcDbEntity
  8
Mechanical 13
100
AcDbPolyline
 90
        2
 70
     1
 43
0.0499999
 10
-0.72493124
 20
0.8000009399999999
 42
1.0
 10
-0.67493388
 20
0.8000009399999999
 42
1.0
  0
LWPOLYLINE
  5
C4
330
BA
100
AcDbEntity
  8
Mechanical 13
100
AcDbPolyline
 90
        2
 70
     0
 43
0.0999998
 10
2.69999968
 20
-0.8000009399999999
 10
2.69999968
 20
0.8000009399999999
  0
LWPOLYLINE
  5
C5
330
BA
100
AcDbEntity
  8
Mechanical 13
100
AcDbPolyline
 90
        2
 70
     1
 43
0.0499999
 10
2.675001
 20
-0.8000009399999999
 42
1.0
 10
2.72499836
 20
-0.8000009399999999
 42
1.0
  0
LWPOLYLINE
  5
C6
330
BA
100
AcDbEntity
  8
Mechanical 13
100
AcDbPolyline
 90
        2
 70
     1
 43
0.0499999
 10
2.675001
 20
0.8000009399999999
 42
1.0
 10
2.72499836
 20
0.8000009399999999
 42
1.0
  0
TEXT
  5
C7
330
BA
100
AcDbEntity
  8
Mechanical 13
100
AcDbText
 10
-0.2999994
 20
0.1999996
 30
0.0
 40
0.3999992
  1
R5
 50
180.0
  7
Arial
 71
     2
100
AcDbText
  0
ENDBLK
  5
1ED
330
BA
100
AcDbEntity
  8
0
100
AcDbBlockEnd
  0
BLOCK
  5
1EE
330
C9
100
AcDbEntity
  8
0
100
AcDbBlockBegin
  2
0805_B_90
 70
     0
 10
0.0
 20
0.0
 30
0.0
  3
0805_B_90
  1

  0
LWPOLYLINE
  5
CA
330
C9
100
AcDbEntity
  8
Mechanical 13
100
AcDbPolyline
 90
        2
 70
     0
 43
0.0999998
 10
-0.69993256
 20
-0.8000009399999999
 10
2.69999968
 20
-0.8000009399999999
  0
LWPOLYLINE
  5
CB
330
C9
100
AcDbEntity
  8
Mechanical 13
100
AcDbPolyline
 90
        2
 70
     1
 43
0.0499999
 10
-0.72493124
 20
-0.8000009399999999
 42
1.0
 10
-0.67493388
 20
-0.8000009399999999
 42
1.0
  0
LWPOLYLINE
  5
CC
330
C9
100
AcDbEntity
  8
Mechanical 13
100
AcDbPolyline
 90
        2
 70
     1
 43
0.0499999
 10
2.675001
 20
-0.8000009399999999
 42
1.0
 10
2.72499836
 20
-0.8000009399999999
 42
1.0
  0
LWPOLYLINE
  5
CD
330
C9
100
AcDbEntity
  8
Mechanical 13
100
AcDbPolyline
 90
        2
 70
     0
 43
0.0999998
 10
-0.69993256
 20
0.8000009399999999
 10
2.69999968
 20
0.8000009399999999
  0
LWPOLYLINE
  5
CE
330
C9
100
AcDbEntity
  8
Mechanical 13
100
AcDbPolyline
 90
        2
 70
     1
 43
0.0499999
 10
-0.72493124
 20
0.8000009399999999
 42
1.0
 10
-0.67493388
 20
0.8000009399999999
 42
1.0
  0
LWPOLYLINE
  5
CF
330
C9
100
AcDbEntity
  8
Mechanical 13
100
AcDbPolyline
 90
        2
 70
     1
 43
0.0499999
 10
2.675001
 20
0.8000009399999999
 42
1.0
 10
2.72499836
 20
0.8000009399999999
 42
1.0
  0
LWPOLYLINE
  5
D0
330
C9
100
AcDbEntity
  8
Mechanical 13
100
AcDbPolyline
 90
        2
 70
     0
 43
0.0999998
 10
-0.69993256
 20
-0.8000009399999999
 10
-0.69993256
 20
0.8000009399999999
  0
LWPOLYLINE
  5
D1
330
C9
100
AcDbEntity
  8
Mechanical 13
100
AcDbPolyline
 90
        2
 70
     1
 43
0.0499999
 10
-0.72493124
 20
-0.8000009399999999
 42
1.0
 10
-0.67493388
 20
-0.8000009399999999
 42
1.0
  0
LWPOLYLINE
  5
D2
330
C9
100
AcDbEntity
  8
Mechanical 13
100
AcDbPolyline
 90
        2
 70
     1
 43
0.0499999
 10
-0.72493124
 20
0.8000009399999999
 42
1.0
 10
-0.67493388
 20
0.8000009399999999
 42
1.0
  0
LWPOLYLINE
  5
D3
330
C9
100
AcDbEntity
  8
Mechanical 13
100
AcDbPolyline
 90
        2
 70
     0
 43
0.0999998
 10
2.69999968
 20
-0.8000009399999999
 10
2.69999968
 20
0.8000009399999999
  0
LWPOLYLINE
  5
D4
330
C9
100
AcDbEntity
  8
Mechanical 13
100
AcDbPolyline
 90
        2
 70
     1
 43
0.0499999
 10
2.675001
 20
-0.8000009399999999
 42
1.0
 10
2.72499836
 20
-0.8000009399999999
 42
1.0
  0
LWPOLYLINE
  5
D5
330
C9
100
AcDbEntity
  8
Mechanical 13
100
AcDbPolyline
 90
        2
 70
     1
 43
0.0499999
 10
2.675001
 20
0.8000009399999999
 42
1.0
 10
2.72499836
 20
0.8000009399999999
 42
1.0
  0
TEXT
  5
D6
330
C9
100
AcDbEntity
  8
Mechanical 13
100
AcDbText
 10
-0.2999994
 20
0.1999996
 30
0.0
 40
0.3999992
  1
R4
 50
180.0
  7
Arial
 71
     2
100
AcDbText
  0
ENDBLK
  5
1EF
330
C9
100
AcDbEntity
  8
0
100
AcDbBlockEnd
  0
BLOCK
  5
1F0
330
D8
100
AcDbEntity
  8
0
100
AcDbBlockBegin
  2
0805_B_91
 70
     0
 10
0.0
 20
0.0
 30
0.0
  3
0805_B_91
  1

  0
LWPOLYLINE
  5
D9
330
D8
100
AcDbEntity
  8
Mechanical 13
100
AcDbPolyline
 90
        2
 70
     0
 43
0.0999998
 10
2.69999968
 20
-0.8000009399999999
 10
-0.69993256
 20
-0.8000009399999999
  0
LWPOLYLINE
  5
DA
330
D8
100
AcDbEntity
  8
Mechanical 13
100
AcDbPolyline
 90
        2
 70
     1
 43
0.0499999
 10
2.675001
 20
-0.8000009399999999
 42
1.0
 10
2.72499836
 20
-0.8000009399999999
 42
1.0
  0
LWPOLYLINE
  5
DB
330
D8
100
AcDbEntity
  8
Mechanical 13
100
AcDbPolyline
 90
        2
 70
     1
 43
0.0499999
 10
-0.72493124
 20
-0.8000009399999999
 42
1.0
 10
-0.67493388
 20
-0.8000009399999999
 42
1.0
  0
LWPOLYLINE
  5
DC
330
D8
100
AcDbEntity
  8
Mechanical 13
100
AcDbPolyline
 90
        2
 70
     0
 43
0.0999998
 10
2.69999968
 20
0.8000009399999999
 10
-0.69993256
 20
0.8000009399999999
  0
LWPOLYLINE
  5
DD
330
D8
100
AcDbEntity
  8
Mechanical 13
100
AcDbPolyline
 90
        2
 70
     1
 43
0.0499999
 10
2.675001
 20
0.8000009399999999
 42
1.0
 10
2.72499836
 20
0.8000009399999999
 42
1.0
  0
LWPOLYLINE
  5
DE
330
D8
100
AcDbEntity
  8
Mechanical 13
100
AcDbPolyline
 90
        2
 70
     1
 43
0.0499999
 10
-0.72493124
 20
0.8000009399999999
 42
1.0
 10
-0.67493388
 20
0.8000009399999999
 42
1.0
  0
LWPOLYLINE
  5
DF
330
D8
100
AcDbEntity
  8
Mechanical 13
100
AcDbPolyline
 90
        2
 70
     0
 43
0.0999998
 10
-0.69993256
 20
0.8000009399999999
 10
-0.69993256
 20
-0.8000009399999999
  0
LWPOLYLINE
  5
E0
330
D8
100
AcDbEntity
  8
Mechanical 13
100
AcDbPolyline
 90
        2
 70
     1
 43
0.0499999
 10
-0.72493124
 20
0.8000009399999999
 42
1.0
 10
-0.67493388
 20
0.8000009399999999
 42
1.0
  0
LWPOLYLINE
  5
E1
330
D8
100
AcDbEntity
  8
Mechanical 13
100
AcDbPolyline
 90
        2
 70
     1
 43
0.0499999
 10
-0.72493124
 20
-0.8000009399999999
 42
1.0
 10
-0.67493388
 20
-0.8000009399999999
 42
1.0
  0
LWPOLYLINE
  5
E2
330
D8
100
AcDbEntity
  8
Mechanical 13
100
AcDbPolyline
 90
        2
 70
     0
 43
0.0999998
 10
2.69999968
 20
0.8000009399999999
 10
2.69999968
 20
-0.8000009399999999
  0
LWPOLYLINE
  5
E3
330
D8
100
AcDbEntity
  8
Mechanical 13
100
AcDbPolyline
 90
        2
 70
     1
 43
0.0499999
 10
2.675001
 20
0.8000009399999999
 42
1.0
 10
2.72499836
 20
0.8000009399999999
 42
1.0
  0
LWPOLYLINE
  5
E4
330
D8
100
AcDbEntity
  8
Mechanical 13
100
AcDbPolyline
 90
        2
 70
     1
 43
0.0499999
 10
2.675001
 20
-0.8000009399999999
 42
1.0
 10
2.72499836
 20
-0.8000009399999999
 42
1.0
  0
TEXT
  5
E5
330
D8
100
AcDbEntity
  8
Mechanical 13
100
AcDbText
 10
-0.2999994
 20
0.1999996
 30
0.0
 40
0.3999992
  1
R3
 50
180.0
  7
Arial
 71
     2
100
AcDbText
  0
ENDBLK
  5
1F1
330
D8
100
AcDbEntity
  8
0
100
AcDbBlockEnd
  0
BLOCK
  5
1F2
330
E7
100
AcDbEntity
  8
0
100
AcDbBlockBegin
  2
0805_B_92
 70
     0
 10
0.0
 20
0.0
 30
0.0
  3
0805_B_92
  1

  0
LWPOLYLINE
  5
E8
330
E7
100
AcDbEntity
  8
Mechanical 13
100
AcDbPolyline
 90
        2
 70
     0
 43
0.0999998
 10
2.69999968
 20
-0.8000009399999999
 10
-0.69993256
 20
-0.8000009399999999
  0
LWPOLYLINE
  5
E9
330
E7
100
AcDbEntity
  8
Mechanical 13
100
AcDbPolyline
 90
        2
 70
     1
 43
0.0499999
 10
2.675001
 20
-0.8000009399999999
 42
1.0
 10
2.72499836
 20
-0.8000009399999999
 42
1.0
  0
LWPOLYLINE
  5
EA
330
E7
100
AcDbEntity
  8
Mechanical 13
100
AcDbPolyline
 90
        2
 70
     1
 43
0.0499999
 10
-0.72493124
 20
-0.8000009399999999
 42
1.0
 10
-0.67493388
 20
-0.8000009399999999
 42
1.0
  0
LWPOLYLINE
  5
EB
330
E7
100
AcDbEntity
  8
Mechanical 13
100
AcDbPolyline
 90
        2
 70
     0
 43
0.0999998
 10
2.69999968
 20
0.8000009399999999
 10
-0.69993256
 20
0.8000009399999999
  0
LWPOLYLINE
  5
EC
330
E7
100
AcDbEntity
  8
Mechanical 13
100
AcDbPolyline
 90
        2
 70
     1
 43
0.0499999
 10
2.675001
 20
0.8000009399999999
 42
1.0
 10
2.72499836
 20
0.8000009399999999
 42
1.0
  0
LWPOLYLINE
  5
ED
330
E7
100
AcDbEntity
  8
Mechanical 13
100
AcDbPolyline
 90
        2
 70
     1
 43
0.0499999
 10
-0.72493124
 20
0.8000009399999999
 42
1.0
 10
-0.67493388
 20
0.8000009399999999
 42
1.0
  0
LWPOLYLINE
  5
EE
330
E7
100
AcDbEntity
  8
Mechanical 13
100
AcDbPolyline
 90
        2
 70
     0
 43
0.0999998
 10
-0.69993256
 20
0.8000009399999999
 10
-0.69993256
 20
-0.8000009399999999
  0
LWPOLYLINE
  5
EF
330
E7
100
AcDbEntity
  8
Mechanical 13
100
AcDbPolyline
 90
        2
 70
     1
 43
0.0499999
 10
-0.72493124
 20
0.8000009399999999
 42
1.0
 10
-0.67493388
 20
0.8000009399999999
 42
1.0
  0
LWPOLYLINE
  5
F0
330
E7
100
AcDbEntity
  8
Mechanical 13
100
AcDbPolyline
 90
        2
 70
     1
 43
0.0499999
 10
-0.72493124
 20
-0.8000009399999999
 42
1.0
 10
-0.67493388
 20
-0.8000009399999999
 42
1.0
  0
LWPOLYLINE
  5
F1
330
E7
100
AcDbEntity
  8
Mechanical 13
100
AcDbPolyline
 90
        2
 70
     0
 43
0.0999998
 10
2.69999968
 20
0.8000009399999999
 10
2.69999968
 20
-0.8000009399999999
  0
LWPOLYLINE
  5
F2
330
E7
100
AcDbEntity
  8
Mechanical 13
100
AcDbPolyline
 90
        2
 70
     1
 43
0.0499999
 10
2.675001
 20
0.8000009399999999
 42
1.0
 10
2.72499836
 20
0.8000009399999999
 42
1.0
  0
LWPOLYLINE
  5
F3
330
E7
100
AcDbEntity
  8
Mechanical 13
100
AcDbPolyline
 90
        2
 70
     1
 43
0.0499999
 10
2.675001
 20
-0.8000009399999999
 42
1.0
 10
2.72499836
 20
-0.8000009399999999
 42
1.0
  0
TEXT
  5
F4
330
E7
100
AcDbEntity
  8
Mechanical 13
100
AcDbText
 10
-0.2999994
 20
0.1999996
 30
0.0
 40
0.3999992
  1
R2
 50
180.0
  7
Arial
 71
     2
100
AcDbText
  0
ENDBLK
  5
1F3
330
E7
100
AcDbEntity
  8
0
100
AcDbBlockEnd
  0
BLOCK
  5
1F4
330
F6
100
AcDbEntity
  8
0
100
AcDbBlockBegin
  2
0805_B_93
 70
     0
 10
0.0
 20
0.0
 30
0.0
  3
0805_B_93
  1

  0
LWPOLYLINE
  5
F7
330
F6
100
AcDbEntity
  8
Mechanical 13
100
AcDbPolyline
 90
        2
 70
     0
 43
0.0999998
 10
2.69999968
 20
-0.8000009399999999
 10
-0.69993256
 20
-0.8000009399999999
  0
LWPOLYLINE
  5
F8
330
F6
100
AcDbEntity
  8
Mechanical 13
100
AcDbPolyline
 90
        2
 70
     1
 43
0.0499999
 10
2.675001
 20
-0.8000009399999999
 42
1.0
 10
2.72499836
 20
-0.8000009399999999
 42
1.0
  0
LWPOLYLINE
  5
F9
330
F6
100
AcDbEntity
  8
Mechanical 13
100
AcDbPolyline
 90
        2
 70
     1
 43
0.0499999
 10
-0.72493124
 20
-0.8000009399999999
 42
1.0
 10
-0.67493388
 20
-0.8000009399999999
 42
1.0
  0
LWPOLYLINE
  5
FA
330
F6
100
AcDbEntity
  8
Mechanical 13
100
AcDbPolyline
 90
        2
 70
     0
 43
0.0999998
 10
2.69999968
 20
0.8000009399999999
 10
-0.69993256
 20
0.8000009399999999
  0
LWPOLYLINE
  5
FB
330
F6
100
AcDbEntity
  8
Mechanical 13
100
AcDbPolyline
 90
        2
 70
     1
 43
0.0499999
 10
2.675001
 20
0.8000009399999999
 42
1.0
 10
2.72499836
 20
0.8000009399999999
 42
1.0
  0
LWPOLYLINE
  5
FC
330
F6
100
AcDbEntity
  8
Mechanical 13
100
AcDbPolyline
 90
        2
 70
     1
 43
0.0499999
 10
-0.72493124
 20
0.8000009399999999
 42
1.0
 10
-0.67493388
 20
0.8000009399999999
 42
1.0
  0
LWPOLYLINE
  5
FD
330
F6
100
AcDbEntity
  8
Mechanical 13
100
AcDbPolyline
 90
        2
 70
     0
 43
0.0999998
 10
-0.69993256
 20
0.8000009399999999
 10
-0.69993256
 20
-0.8000009399999999
  0
LWPOLYLINE
  5
FE
330
F6
100
AcDbEntity
  8
Mechanical 13
100
AcDbPolyline
 90
        2
 70
     1
 43
0.0499999
 10
-0.72493124
 20
0.8000009399999999
 42
1.0
 10
-0.67493388
 20
0.8000009399999999
 42
1.0
  0
LWPOLYLINE
  5
FF
330
F6
100
AcDbEntity
  8
Mechanical 13
100
AcDbPolyline
 90
        2
 70
     1
 43
0.0499999
 10
-0.72493124
 20
-0.8000009399999999
 42
1.0
 10
-0.67493388
 20
-0.8000009399999999
 42
1.0
  0
LWPOLYLINE
  5
100
330
F6
100
AcDbEntity
  8
Mechanical 13
100
AcDbPolyline
 90
        2
 70
     0
 43
0.0999998
 10
2.69999968
 20
0.8000009399999999
 10
2.69999968
 20
-0.8000009399999999
  0
LWPOLYLINE
  5
101
330
F6
100
AcDbEntity
  8
Mechanical 13
100
AcDbPolyline
 90
        2
 70
     1
 43
0.0499999
 10
2.675001
 20
0.8000009399999999
 42
1.0
 10
2.72499836
 20
0.8000009399999999
 42
1.0
  0
LWPOLYLINE
  5
102
330
F6
100
AcDbEntity
  8
Mechanical 13
100
AcDbPolyline
 90
        2
 70
     1
 43
0.0499999
 10
2.675001
 20
-0.8000009399999999
 42
1.0
 10
2.72499836
 20
-0.8000009399999999
 42
1.0
  0
TEXT
  5
103
330
F6
100
AcDbEntity
  8
Mechanical 13
100
AcDbText
 10
-0.2999994
 20
0.1999996
 30
0.0
 40
0.3999992
  1
R1
 50
180.0
  7
Arial
 71
     2
100
AcDbText
  0
ENDBLK
  5
1F5
330
F6
100
AcDbEntity
  8
0
100
AcDbBlockEnd
  0
BLOCK
  5
1F6
330
105
100
AcDbEntity
  8
0
100
AcDbBlockBegin
  2
BC547_TO_92_BENT_94
 70
     0
 10
0.0
 20
0.0
 30
0.0
  3
BC547_TO_92_BENT_94
  1

  0
LWPOLYLINE
  5
106
330
105
100
AcDbEntity
  8
Mechanical 13
100
AcDbPolyline
 90
        2
 70
     0
 43
0.1999996
 10
-2.69999968
 20
-2.40000028
 10
-2.69999968
 20
2.40000028
  0
LWPOLYLINE
  5
107
330
105
100
AcDbEntity
  8
Mechanical 13
100
AcDbPolyline
 90
        2
 70
     1
 43
0.0999998
 10
-2.74999958
 20
-2.40000028
 42
1.0
 10
-2.64999978
 20
-2.40000028
 42
1.0
  0
LWPOLYLINE
  5
108
330
105
100
AcDbEntity
  8
Mechanical 13
100
AcDbPolyline
 90
        2
 70
     1
 43
0.0999998
 10
-2.74999958
 20
2.40000028
 42
1.0
 10
-2.64999978
 20
2.40000028
 42
1.0
  0
LWPOLYLINE
  5
109
330
105
100
AcDbEntity
  8
Mechanical 13
100
AcDbPolyline
 90
        2
 70
     1
 43
0.5999987999999999
 10
-1.10000034
 20
1.29999994
 42
1.0
 10
-1.49999954
 20
1.29999994
 42
1.0
  0
LWPOLYLINE
  5
10A
330
105
100
AcDbEntity
  8
Mechanical 13
100
AcDbPolyline
 90
        2
 70
     1
 43
0.2999994
 10
-1.25000004
 20
1.29999994
 42
1.0
 10
-0.95000064
 20
1.29999994
 42
1.0
  0
LWPOLYLINE
  5
10B
330
105
100
AcDbEntity
  8
Mechanical 13
100
AcDbPolyline
 90
        2
 70
     1
 43
0.2999994
 10
-1.64999924
 20
1.29999994
 42
1.0
 10
-1.34999984
 20
1.29999994
 42
1.0
  0
LWPOLYLINE
  5
10C
330
105
100
AcDbEntity
  8
Mechanical 13
100
AcDbPolyline
 90
        2
 70
     0
 43
0.1999996
 10
-2.70000222
 20
2.40000028
 42
-2.156249140104265
 10
-2.70000222
 20
-2.40000028
  0
LWPOLYLINE
  5
10D
330
105
100
AcDbEntity
  8
Mechanical 13
100
AcDbPolyline
 90
        2
 70
     1
 43
0.0999998
 10
-2.75000212
 20
2.40000028
 42
1.0
 10
-2.65000232
 20
2.40000028
 42
1.0
  0
LWPOLYLINE
  5
10E
330
105
100
AcDbEntity
  8
Mechanical 13
100
AcDbPolyline
 90
        2
 70
     1
 43
0.0999998
 10
-2.75000212
 20
-2.40000028
 42
1.0
 10
-2.65000232
 20
-2.40000028
 42
1.0
  0
REGION
  5
10F
102
{ACAD_REACTORS
330
111
102
}
330
105
100
AcDbEntity
  8
Multi-Layer
 62
     9
100
AcDbModelerGeometry
290
     1
  2
{b3857a91-f437-4f4c-9fda-b5a1b3d75d64}
  0
REGION
  5
110
102
{ACAD_REACTORS
330
111
102
}
330
105
100
AcDbEntity
  8
Multi-Layer
 62
     9
100
AcDbModelerGeometry
290
     1
  2
{d533a21b-3ad1-4788-b15f-5b5f29ddcd52}
  0
HATCH
  5
111
330
105
100
AcDbEntity
  8
Multi-Layer
 62
     9
100
AcDbHatch
 10
0.0
 20
0.0
 30
0.0
210
0.0
220
0.0
230
1.0
  2
SOLID
 70
     1
 71
     1
 91
        2
 92
        1
 93
        4
 72
     1
 10
-2.16999947
 20
2.16999947
 11
-0.37000053
 21
2.16999947
 72
     1
 10
-0.37000053
 20
2.16999947
 11
-0.37000053
 21
0.37000053
 72
     1
 10
-0.37000053
 20
0.37000053
 11
-2.16999947
 21
0.37000053
 72
     1
 10
-2.16999947
 20
0.37000053
 11
-2.16999947
 21
2.16999947
 97
        1
330
10F
 92
        4
 93
        1
 72
     2
 10
-1.27
 20
1.27
 40
0.3999992
 50
0.0
 51
360.0
 73
     1
 97
        1
330
110
 75
     0
 76
     1
 47
0.0
 98
        0
  0
REGION
  5
112
102
{ACAD_REACTORS
330
114
102
}
330
105
100
AcDbEntity
  8
Multi-Layer
 62
     9
100
AcDbModelerGeometry
290
     1
  2
{ea858f9a-f09d-49d6-b63f-ded994e9a9bf}
  0
REGION
  5
113
102
{ACAD_REACTORS
330
114
102
}
330
105
100
AcDbEntity
  8
Multi-Layer
 62
     9
100
AcDbModelerGeometry
290
     1
  2
{bef561d3-8654-45fa-800e-ed68d18ffe6e}
  0
HATCH
  5
114
330
105
100
AcDbEntity
  8
Multi-Layer
 62
     9
100
AcDbHatch
 10
0.0
 20
0.0
 30
0.0
210
0.0
220
0.0
230
1.0
  2
SOLID
 70
     1
 71
     1
 91
        2
 92
        1
 93
        1
 72
     2
 10
-1.27
 20
-1.27
 40
0.8999982
 50
0.0
 51
360.0
 73
     1
 97
        1
330
112
 92
        4
 93
        1
 72
     2
 10
-1.27
 20
-1.27
 40
0.3999992
 50
0.0
 51
360.0
 73
     1
 97
        1
330
113
 75
     0
 76
     1
 47
0.0
 98
        0
  0
REGION
  5
115
102
{ACAD_REACTORS
330
117
102
}
330
105
100
AcDbEntity
  8
Multi-Layer
 62
     9
100
AcDbModelerGeometry
290
     1
  2
{2b0f59b5-6531-40a5-aa3a-b3282396a1d1}
  0
REGION
  5
116
102
{ACAD_REACTORS
330
117
102
}
330
105
100
AcDbEntity
  8
Multi-Layer
 62
     9
100
AcDbModelerGeometry
290
     1
  2
{a8d3bc63-3310-4fd4-a759-1bf0ede209b4}
  0
HATCH
  5
117
330
105
100
AcDbEntity
  8
Multi-Layer
 62
     9
100
AcDbHatch
 10
0.0
 20
0.0
 30
0.0
210
0.0
220
0.0
230
1.0
  2
SOLID
 70
     1
 71
     1
 91
        2
 92
        1
 93
        1
 72
     2
 10
1.27
 20
0.0
 40
0.8999982
 50
0.0
 51
360.0
 73
     1
 97
        1
330
115
 92
        4
 93
        1
 72
     2
 10
1.27
 20
0.0
 40
0.3999992
 50
0.0
 51
360.0
 73
     1
 97
        1
330
116
 75
     0
 76
     1
 47
0.0
 98
        0
  0
TEXT
  5
118
330
105
100
AcDbEntity
  8
Mechanical 13
100
AcDbText
 10
-1.29999994
 20
-0.8000009399999999
 30
0.0
 40
1.20000014
  1
Q3
  7
Arial
100
AcDbText
  0
ENDBLK
  5
1F7
330
105
100
AcDbEntity
  8
0
100
AcDbBlockEnd
  0
BLOCK
  5
1F8
330
11A
100
AcDbEntity
  8
0
100
AcDbBlockBegin
  2
BC547_TO_92_BENT_95
 70
     0
 10
0.0
 20
0.0
 30
0.0
  3
BC547_TO_92_BENT_95
  1

  0
LWPOLYLINE
  5
11B
330
11A
100
AcDbEntity
  8
Mechanical 13
100
AcDbPolyline
 90
        2
 70
     0
 43
0.1999996
 10
-2.69999968
 20
-2.40000028
 10
-2.69999968
 20
2.40000028
  0
LWPOLYLINE
  5
11C
330
11A
100
AcDbEntity
  8
Mechanical 13
100
AcDbPolyline
 90
        2
 70
     1
 43
0.0999998
 10
-2.74999958
 20
-2.40000028
 42
1.0
 10
-2.64999978
 20
-2.40000028
 42
1.0
  0
LWPOLYLINE
  5
11D
330
11A
100
AcDbEntity
  8
Mechanical 13
100
AcDbPolyline
 90
        2
 70
     1
 43
0.0999998
 10
-2.74999958
 20
2.40000028
 42
1.0
 10
-2.64999978
 20
2.40000028
 42
1.0
  0
LWPOLYLINE
  5
11E
330
11A
100
AcDbEntity
  8
Mechanical 13
100
AcDbPolyline
 90
        2
 70
     0
 43
0.1999996
 10
-2.70000222
 20
2.40000028
 42
-2.156249140104265
 10
-2.70000222
 20
-2.40000028
  0
LWPOLYLINE
  5
11F
330
11A
100
AcDbEntity
  8
Mechanical 13
100
AcDbPolyline
 90
        2
 70
     1
 43
0.0999998
 10
-2.75000212
 20
2.40000028
 42
1.0
 10
-2.65000232
 20
2.40000028
 42
1.0
  0
LWPOLYLINE
  5
120
330
11A
100
AcDbEntity
  8
Mechanical 13
100
AcDbPolyline
 90
        2
 70
     1
 43
0.0999998
 10
-2.75000212
 20
-2.40000028
 42
1.0
 10
-2.65000232
 20
-2.40000028
 42
1.0
  0
LWPOLYLINE
  5
121
330
11A
100
AcDbEntity
  8
Mechanical 13
100
AcDbPolyline
 90
        2
 70
     1
 43
0.5999987999999999
 10
-1.10000034
 20
1.29999994
 42
1.0
 10
-1.49999954
 20
1.29999994
 42
1.0
  0
LWPOLYLINE
  5
122
330
11A
100
AcDbEntity
  8
Mechanical 13
100
AcDbPolyline
 90
        2
 70
     1
 43
0.2999994
 10
-1.25000004
 20
1.29999994
 42
1.0
 10
-0.95000064
 20
1.29999994
 42
1.0
  0
LWPOLYLINE
  5
123
330
11A
100
AcDbEntity
  8
Mechanical 13
100
AcDbPolyline
 90
        2
 70
     1
 43
0.2999994
 10
-1.64999924
 20
1.29999994
 42
1.0
 10
-1.34999984
 20
1.29999994
 42
1.0
  0
REGION
  5
124
102
{ACAD_REACTORS
330
126
102
}
330
11A
100
AcDbEntity
  8
Multi-Layer
 62
     9
100
AcDbModelerGeometry
290
     1
  2
{b36cc827-85a7-431c-8a31-1c56e3e59696}
  0
REGION
  5
125
102
{ACAD_REACTORS
330
126
102
}
330
11A
100
AcDbEntity
  8
Multi-Layer
 62
     9
100
AcDbModelerGeometry
290
     1
  2
{0351bed9-02f3-427c-9ed0-c2ec9d087482}
  0
HATCH
  5
126
330
11A
100
AcDbEntity
  8
Multi-Layer
 62
     9
100
AcDbHatch
 10
0.0
 20
0.0
 30
0.0
210
0.0
220
0.0
230
1.0
  2
SOLID
 70
     1
 71
     1
 91
        2
 92
        1
 93
        1
 72
     2
 10
1.27
 20
0.0
 40
0.8999982
 50
0.0
 51
360.0
 73
     1
 97
        1
330
124
 92
        4
 93
        1
 72
     2
 10
1.27
 20
0.0
 40
0.3999992
 50
0.0
 51
360.0
 73
     1
 97
        1
330
125
 75
     0
 76
     1
 47
0.0
 98
        0
  0
REGION
  5
127
102
{ACAD_REACTORS
330
129
102
}
330
11A
100
AcDbEntity
  8
Multi-Layer
 62
     9
100
AcDbModelerGeometry
290
     1
  2
{ed064d2c-cbd4-4da6-ac7e-441c0024ccff}
  0
REGION
  5
128
102
{ACAD_REACTORS
330
129
102
}
330
11A
100
AcDbEntity
  8
Multi-Layer
 62
     9
100
AcDbModelerGeometry
290
     1
  2
{d0fd3f8c-a1d5-487b-ab06-50ee32e8d098}
  0
HATCH
  5
129
330
11A
100
AcDbEntity
  8
Multi-Layer
 62
     9
100
AcDbHatch
 10
0.0
 20
0.0
 30
0.0
210
0.0
220
0.0
230
1.0
  2
SOLID
 70
     1
 71
     1
 91
        2
 92
        1
 93
        1
 72
     2
 10
-1.27
 20
-1.27
 40
0.8999982
 50
0.0
 51
360.0
 73
     1
 97
        1
330
127
 92
        4
 93
        1
 72
     2
 10
-1.27
 20
-1.27
 40
0.3999992
 50
0.0
 51
360.0
 73
     1
 97
        1
330
128
 75
     0
 76
     1
 47
0.0
 98
        0
  0
REGION
  5
12A
102
{ACAD_REACTORS
330
12C
102
}
330
11A
100
AcDbEntity
  8
Multi-Layer
 62
     9
100
AcDbModelerGeometry
290
     1
  2
{f295e50c-a6e2-4b49-b586-f39866c94e7a}
  0
REGION
  5
12B
102
{ACAD_REACTORS
330
12C
102
}
330
11A
100
AcDbEntity
  8
Multi-Layer
 62
     9
100
AcDbModelerGeometry
290
     1
  2
{7a34066f-ead1-4be0-8cd2-5cb6e3523593}
  0
HATCH
  5
12C
330
11A
100
AcDbEntity
  8
Multi-Layer
 62
     9
100
AcDbHatch
 10
0.0
 20
0.0
 30
0.0
210
0.0
220
0.0
230
1.0
  2
SOLID
 70
     1
 71
     1
 91
        2
 92
        1
 93
        4
 72
     1
 10
-2.16999947
 20
2.16999947
 11
-0.37000053
 21
2.16999947
 72
     1
 10
-0.37000053
 20
2.16999947
 11
-0.37000053
 21
0.37000053
 72
     1
 10
-0.37000053
 20
0.37000053
 11
-2.16999947
 21
0.37000053
 72
     1
 10
-2.16999947
 20
0.37000053
 11
-2.16999947
 21
2.16999947
 97
        1
330
12A
 92
        4
 93
        1
 72
     2
 10
-1.27
 20
1.27
 40
0.3999992
 50
0.0
 51
360.0
 73
     1
 97
        1
330
12B
 75
     0
 76
     1
 47
0.0
 98
        0
  0
TEXT
  5
12D
330
11A
100
AcDbEntity
  8
Mechanical 13
100
AcDbText
 10
-1.29999994
 20
-0.8000009399999999
 30
0.0
 40
1.20000014
  1
Q2
  7
Arial
100
AcDbText
  0
ENDBLK
  5
1F9
330
11A
100
AcDbEntity
  8
0
100
AcDbBlockEnd
  0
BLOCK
  5
1FA
330
12F
100
AcDbEntity
  8
0
100
AcDbBlockBegin
  2
BC547_TO_92_BENT_96
 70
     0
 10
0.0
 20
0.0
 30
0.0
  3
BC547_TO_92_BENT_96
  1

  0
LWPOLYLINE
  5
130
330
12F
100
AcDbEntity
  8
Mechanical 13
100
AcDbPolyline
 90
        2
 70
     0
 43
0.1999996
 10
-2.69999968
 20
-2.40000028
 10
-2.69999968
 20
2.40000028
  0
LWPOLYLINE
  5
131
330
12F
100
AcDbEntity
  8
Mechanical 13
100
AcDbPolyline
 90
        2
 70
     1
 43
0.0999998
 10
-2.74999958
 20
-2.40000028
 42
1.0
 10
-2.64999978
 20
-2.40000028
 42
1.0
  0
LWPOLYLINE
  5
132
330
12F
100
AcDbEntity
  8
Mechanical 13
100
AcDbPolyline
 90
        2
 70
     1
 43
0.0999998
 10
-2.74999958
 20
2.40000028
 42
1.0
 10
-2.64999978
 20
2.40000028
 42
1.0
  0
LWPOLYLINE
  5
133
330
12F
100
AcDbEntity
  8
Mechanical 13
100
AcDbPolyline
 90
        2
 70
     0
 43
0.1999996
 10
-2.70000222
 20
2.40000028
 42
-2.156249140104265
 10
-2.70000222
 20
-2.40000028
  0
LWPOLYLINE
  5
134
330
12F
100
AcDbEntity
  8
Mechanical 13
100
AcDbPolyline
 90
        2
 70
     1
 43
0.0999998
 10
-2.75000212
 20
2.40000028
 42
1.0
 10
-2.65000232
 20
2.40000028
 42
1.0
  0
LWPOLYLINE
  5
135
330
12F
100
AcDbEntity
  8
Mechanical 13
100
AcDbPolyline
 90
        2
 70
     1
 43
0.0999998
 10
-2.75000212
 20
-2.40000028
 42
1.0
 10
-2.65000232
 20
-2.40000028
 42
1.0
  0
LWPOLYLINE
  5
136
330
12F
100
AcDbEntity
  8
Mechanical 13
100
AcDbPolyline
 90
        2
 70
     1
 43
0.5999987999999999
 10
-1.10000034
 20
1.29999994
 42
1.0
 10
-1.49999954
 20
1.29999994
 42
1.0
  0
LWPOLYLINE
  5
137
330
12F
100
AcDbEntity
  8
Mechanical 13
100
AcDbPolyline
 90
        2
 70
     1
 43
0.2999994
 10
-1.25000004
 20
1.29999994
 42
1.0
 10
-0.95000064
 20
1.29999994
 42
1.0
  0
LWPOLYLINE
  5
138
330
12F
100
AcDbEntity
  8
Mechanical 13
100
AcDbPolyline
 90
        2
 70
     1
 43
0.2999994
 10
-1.64999924
 20
1.29999994
 42
1.0
 10
-1.34999984
 20
1.29999994
 42
1.0
  0
REGION
  5
139
102
{ACAD_REACTORS
330
13B
102
}
330
12F
100
AcDbEntity
  8
Multi-Layer
 62
     9
100
AcDbModelerGeometry
290
     1
  2
{8489a8d0-3748-46a8-b7be-9b8b22a807e5}
  0
REGION
  5
13A
102
{ACAD_REACTORS
330
13B
102
}
330
12F
100
AcDbEntity
  8
Multi-Layer
 62
     9
100
AcDbModelerGeometry
290
     1
  2
{0cebbda8-9a2f-43f3-a60d-a6ebb0741e52}
  0
HATCH
  5
13B
330
12F
100
AcDbEntity
  8
Multi-Layer
 62
     9
100
AcDbHatch
 10
0.0
 20
0.0
 30
0.0
210
0.0
220
0.0
230
1.0
  2
SOLID
 70
     1
 71
     1
 91
        2
 92
        1
 93
        1
 72
     2
 10
1.27
 20
0.0
 40
0.8999982
 50
0.0
 51
360.0
 73
     1
 97
        1
330
139
 92
        4
 93
        1
 72
     2
 10
1.27
 20
0.0
 40
0.3999992
 50
0.0
 51
360.0
 73
     1
 97
        1
330
13A
 75
     0
 76
     1
 47
0.0
 98
        0
  0
REGION
  5
13C
102
{ACAD_REACTORS
330
13E
102
}
330
12F
100
AcDbEntity
  8
Multi-Layer
 62
     9
100
AcDbModelerGeometry
290
     1
  2
{50eb5c28-21c5-4ff0-b0f3-c4eaeefc6311}
  0
REGION
  5
13D
102
{ACAD_REACTORS
330
13E
102
}
330
12F
100
AcDbEntity
  8
Multi-Layer
 62
     9
100
AcDbModelerGeometry
290
     1
  2
{2234bc46-bbd8-453f-9f34-f9ddf130a9b0}
  0
HATCH
  5
13E
330
12F
100
AcDbEntity
  8
Multi-Layer
 62
     9
100
AcDbHatch
 10
0.0
 20
0.0
 30
0.0
210
0.0
220
0.0
230
1.0
  2
SOLID
 70
     1
 71
     1
 91
        2
 92
        1
 93
        1
 72
     2
 10
-1.27
 20
-1.27
 40
0.8999982
 50
0.0
 51
360.0
 73
     1
 97
        1
330
13C
 92
        4
 93
        1
 72
     2
 10
-1.27
 20
-1.27
 40
0.3999992
 50
0.0
 51
360.0
 73
     1
 97
        1
330
13D
 75
     0
 76
     1
 47
0.0
 98
        0
  0
REGION
  5
13F
102
{ACAD_REACTORS
330
141
102
}
330
12F
100
AcDbEntity
  8
Multi-Layer
 62
     9
100
AcDbModelerGeometry
290
     1
  2
{b53d8bf1-3085-4548-9d3c-db2acbaf6000}
  0
REGION
  5
140
102
{ACAD_REACTORS
330
141
102
}
330
12F
100
AcDbEntity
  8
Multi-Layer
 62
     9
100
AcDbModelerGeometry
290
     1
  2
{979ab483-11de-4cfb-8187-5556a2734c78}
  0
HATCH
  5
141
330
12F
100
AcDbEntity
  8
Multi-Layer
 62
     9
100
AcDbHatch
 10
0.0
 20
0.0
 30
0.0
210
0.0
220
0.0
230
1.0
  2
SOLID
 70
     1
 71
     1
 91
        2
 92
        1
 93
        4
 72
     1
 10
-2.16999947
 20
2.16999947
 11
-0.37000053
 21
2.16999947
 72
     1
 10
-0.37000053
 20
2.16999947
 11
-0.37000053
 21
0.37000053
 72
     1
 10
-0.37000053
 20
0.37000053
 11
-2.16999947
 21
0.37000053
 72
     1
 10
-2.16999947
 20
0.37000053
 11
-2.16999947
 21
2.16999947
 97
        1
330
13F
 92
        4
 93
        1
 72
     2
 10
-1.27
 20
1.27
 40
0.3999992
 50
0.0
 51
360.0
 73
     1
 97
        1
330
140
 75
     0
 76
     1
 47
0.0
 98
        0
  0
TEXT
  5
142
330
12F
100
AcDbEntity
  8
Mechanical 13
100
AcDbText
 10
-1.29999994
 20
-0.8000009399999999
 30
0.0
 40
1.20000014
  1
Q1
  7
Arial
100
AcDbText
  0
ENDBLK
  5
1FB
330
12F
100
AcDbEntity
  8
0
100
AcDbBlockEnd
  0
BLOCK
  5
1FC
330
144
100
AcDbEntity
  8
0
100
AcDbBlockBegin
  2
4_P____B_____2_54___TBC05_97
 70
     0
 10
0.0
 20
0.0
 30
0.0
  3
4_P____B_____2_54___TBC05_97
  1

  0
LWPOLYLINE
  5
145
330
144
100
AcDbEntity
  8
Mechanical 13
100
AcDbPolyline
 90
        2
 70
     0
 43
0.0999998
 10
-1.49999954
 20
3.20000122
 10
-1.49999954
 20
-3.300001019999999
  0
LWPOLYLINE
  5
146
330
144
100
AcDbEntity
  8
Mechanical 13
100
AcDbPolyline
 90
        2
 70
     1
 43
0.0499999
 10
-1.52499822
 20
3.20000122
 42
1.0
 10
-1.47500086
 20
3.20000122
 42
1.0
  0
LWPOLYLINE
  5
147
330
144
100
AcDbEntity
  8
Mechanical 13
100
AcDbPolyline
 90
        2
 70
     1
 43
0.0499999
 10
-1.52499822
 20
-3.300001019999999
 42
1.0
 10
-1.47500086
 20
-3.300001019999999
 42
1.0
  0
LWPOLYLINE
  5
148
330
144
100
AcDbEntity
  8
Mechanical 13
100
AcDbPolyline
 90
        2
 70
     0
 43
0.0999998
 10
9.09999958
 20
3.20000122
 10
9.09999958
 20
-3.300001019999999
  0
LWPOLYLINE
  5
149
330
144
100
AcDbEntity
  8
Mechanical 13
100
AcDbPolyline
 90
        2
 70
     1
 43
0.0499999
 10
9.0750009
 20
3.20000122
 42
1.0
 10
9.12499826
 20
3.20000122
 42
1.0
  0
LWPOLYLINE
  5
14A
330
144
100
AcDbEntity
  8
Mechanical 13
100
AcDbPolyline
 90
        2
 70
     1
 43
0.0499999
 10
9.0750009
 20
-3.300001019999999
 42
1.0
 10
9.12499826
 20
-3.300001019999999
 42
1.0
  0
LWPOLYLINE
  5
14B
330
144
100
AcDbEntity
  8
Mechanical 13
100
AcDbPolyline
 90
        2
 70
     0
 43
0.0999998
 10
9.09999958
 20
-3.300001019999999
 10
-1.49999954
 20
-3.300001019999999
  0
LWPOLYLINE
  5
14C
330
144
100
AcDbEntity
  8
Mechanical 13
100
AcDbPolyline
 90
        2
 70
     1
 43
0.0499999
 10
9.0750009
 20
-3.300001019999999
 42
1.0
 10
9.12499826
 20
-3.300001019999999
 42
1.0
  0
LWPOLYLINE
  5
14D
330
144
100
AcDbEntity
  8
Mechanical 13
100
AcDbPolyline
 90
        2
 70
     1
 43
0.0499999
 10
-1.52499822
 20
-3.300001019999999
 42
1.0
 10
-1.47500086
 20
-3.300001019999999
 42
1.0
  0
LWPOLYLINE
  5
14E
330
144
100
AcDbEntity
  8
Mechanical 13
100
AcDbPolyline
 90
        2
 70
     0
 43
0.0999998
 10
9.09999958
 20
3.20000122
 10
-1.49999954
 20
3.20000122
  0
LWPOLYLINE
  5
14F
330
144
100
AcDbEntity
  8
Mechanical 13
100
AcDbPolyline
 90
        2
 70
     1
 43
0.0499999
 10
9.0750009
 20
3.20000122
 42
1.0
 10
9.12499826
 20
3.20000122
 42
1.0
  0
LWPOLYLINE
  5
150
330
144
100
AcDbEntity
  8
Mechanical 13
100
AcDbPolyline
 90
        2
 70
     1
 43
0.0499999
 10
-1.52499822
 20
3.20000122
 42
1.0
 10
-1.47500086
 20
3.20000122
 42
1.0
  0
REGION
  5
151
102
{ACAD_REACTORS
330
153
102
}
330
144
100
AcDbEntity
  8
Multi-Layer
 62
     9
100
AcDbModelerGeometry
290
     1
  2
{df1dd3fc-e9ae-47cf-b926-536dd2ac2743}
  0
REGION
  5
152
102
{ACAD_REACTORS
330
153
102
}
330
144
100
AcDbEntity
  8
Multi-Layer
 62
     9
100
AcDbModelerGeometry
290
     1
  2
{65c5f195-efd5-4443-80a9-efe81f6d258c}
  0
HATCH
  5
153
330
144
100
AcDbEntity
  8
Multi-Layer
 62
     9
100
AcDbHatch
 10
0.0
 20
0.0
 30
0.0
210
0.0
220
0.0
230
1.0
  2
SOLID
 70
     1
 71
     1
 91
        2
 92
        1
 93
        1
 72
     2
 10
0.0
 20
0.0
 40
1.00000054
 50
0.0
 51
360.0
 73
     1
 97
        1
330
151
 92
        4
 93
        1
 72
     2
 10
0.0
 20
0.0
 40
0.6499986999999999
 50
0.0
 51
360.0
 73
     1
 97
        1
330
152
 75
     0
 76
     1
 47
0.0
 98
        0
  0
REGION
  5
154
102
{ACAD_REACTORS
330
156
102
}
330
144
100
AcDbEntity
  8
Multi-Layer
 62
     9
100
AcDbModelerGeometry
290
     1
  2
{0c7371f1-2500-48bf-a96f-6a2a676e05d8}
  0
REGION
  5
155
102
{ACAD_REACTORS
330
156
102
}
330
144
100
AcDbEntity
  8
Multi-Layer
 62
     9
100
AcDbModelerGeometry
290
     1
  2
{1d203aa4-d709-47cd-9240-6a660288a426}
  0
HATCH
  5
156
330
144
100
AcDbEntity
  8
Multi-Layer
 62
     9
100
AcDbHatch
 10
0.0
 20
0.0
 30
0.0
210
0.0
220
0.0
230
1.0
  2
SOLID
 70
     1
 71
     1
 91
        2
 92
        1
 93
        1
 72
     2
 10
2.54
 20
0.0
 40
1.00000054
 50
0.0
 51
360.0
 73
     1
 97
        1
330
154
 92
        4
 93
        1
 72
     2
 10
2.54
 20
0.0
 40
0.6499986999999999
 50
0.0
 51
360.0
 73
     1
 97
        1
330
155
 75
     0
 76
     1
 47
0.0
 98
        0
  0
REGION
  5
157
102
{ACAD_REACTORS
330
159
102
}
330
144
100
AcDbEntity
  8
Multi-Layer
 62
     9
100
AcDbModelerGeometry
290
     1
  2
{e7bf0145-bfa6-4f5b-8a90-b12194b81b95}
  0
REGION
  5
158
102
{ACAD_REACTORS
330
159
102
}
330
144
100
AcDbEntity
  8
Multi-Layer
 62
     9
100
AcDbModelerGeometry
290
     1
  2
{38ed433b-b483-44db-b62d-e62eda4aab82}
  0
HATCH
  5
159
330
144
100
AcDbEntity
  8
Multi-Layer
 62
     9
100
AcDbHatch
 10
0.0
 20
0.0
 30
0.0
210
0.0
220
0.0
230
1.0
  2
SOLID
 70
     1
 71
     1
 91
        2
 92
        1
 93
        1
 72
     2
 10
5.08
 20
0.0
 40
1.00000054
 50
0.0
 51
360.0
 73
     1
 97
        1
330
157
 92
        4
 93
        1
 72
     2
 10
5.08
 20
0.0
 40
0.6499986999999999
 50
0.0
 51
360.0
 73
     1
 97
        1
330
158
 75
     0
 76
     1
 47
0.0
 98
        0
  0
REGION
  5
15A
102
{ACAD_REACTORS
330
15C
102
}
330
144
100
AcDbEntity
  8
Multi-Layer
 62
     9
100
AcDbModelerGeometry
290
     1
  2
{5dea5203-a1d5-4021-82cc-c799dadcba34}
  0
REGION
  5
15B
102
{ACAD_REACTORS
330
15C
102
}
330
144
100
AcDbEntity
  8
Multi-Layer
 62
     9
100
AcDbModelerGeometry
290
     1
  2
{843c7544-b248-4753-99b2-66df97560a69}
  0
HATCH
  5
15C
330
144
100
AcDbEntity
  8
Multi-Layer
 62
     9
100
AcDbHatch
 10
0.0
 20
0.0
 30
0.0
210
0.0
220
0.0
230
1.0
  2
SOLID
 70
     1
 71
     1
 91
        2
 92
        1
 93
        1
 72
     2
 10
7.619999999999999
 20
0.0
 40
1.00000054
 50
0.0
 51
360.0
 73
     1
 97
        1
330
15A
 92
        4
 93
        1
 72
     2
 10
7.619999999999999
 20
0.0
 40
0.6499986999999999
 50
0.0
 51
360.0
 73
     1
 97
        1
330
15B
 75
     0
 76
     1
 47
0.0
 98
        0
  0
TEXT
  5
15D
330
144
100
AcDbEntity
  8
Mechanical 13
100
AcDbText
 10
-0.8000009399999999
 20
1.10000542
 30
0.0
 40
1.00000054
  1
P2
  7
Arial_Bold
100
AcDbText
  0
TEXT
  5
15E
330
144
100
AcDbEntity
  8
Mechanical 13
100
AcDbText
 10
1.0499979
 20
-4.683422179999999
 30
0.0
 40
0.8000009399999999
  1
PCB Edge
  7
Arial_Bold
100
AcDbText
  0
ENDBLK
  5
1FD
330
144
100
AcDbEntity
  8
0
100
AcDbBlockEnd
  0
BLOCK
  5
1FE
330
160
100
AcDbEntity
  8
0
100
AcDbBlockBegin
  2
_______L_98
 70
     0
 10
0.0
 20
0.0
 30
0.0
  3
_______L_98
  1

  0
LWPOLYLINE
  5
161
330
160
100
AcDbEntity
  8
Mechanical 13
100
AcDbPolyline
 90
        2
 70
     0
 43
0.0999998
 10
-1.44999964
 20
1.27500126
 10
1.44999964
 20
1.27500126
  0
LWPOLYLINE
  5
162
330
160
100
AcDbEntity
  8
Mechanical 13
100
AcDbPolyline
 90
        2
 70
     1
 43
0.0499999
 10
-1.47499832
 20
1.27500126
 42
1.0
 10
-1.42500096
 20
1.27500126
 42
1.0
  0
LWPOLYLINE
  5
163
330
160
100
AcDbEntity
  8
Mechanical 13
100
AcDbPolyline
 90
        2
 70
     1
 43
0.0499999
 10
1.42500096
 20
1.27500126
 42
1.0
 10
1.47499832
 20
1.27500126
 42
1.0
  0
LWPOLYLINE
  5
164
330
160
100
AcDbEntity
  8
Mechanical 13
100
AcDbPolyline
 90
        2
 70
     0
 43
0.0999998
 10
1.44999964
 20
1.27500126
 10
1.44999964
 20
-3.82500124
  0
LWPOLYLINE
  5
165
330
160
100
AcDbEntity
  8
Mechanical 13
100
AcDbPolyline
 90
        2
 70
     1
 43
0.0499999
 10
1.42500096
 20
1.27500126
 42
1.0
 10
1.47499832
 20
1.27500126
 42
1.0
  0
LWPOLYLINE
  5
166
330
160
100
AcDbEntity
  8
Mechanical 13
100
AcDbPolyline
 90
        2
 70
     1
 43
0.0499999
 10
1.42500096
 20
-3.82500124
 42
1.0
 10
1.47499832
 20
-3.82500124
 42
1.0
  0
LWPOLYLINE
  5
167
330
160
100
AcDbEntity
  8
Mechanical 13
100
AcDbPolyline
 90
        2
 70
     0
 43
0.0999998
 10
-1.44999964
 20
-3.82500124
 10
1.44999964
 20
-3.82500124
  0
LWPOLYLINE
  5
168
330
160
100
AcDbEntity
  8
Mechanical 13
100
AcDbPolyline
 90
        2
 70
     1
 43
0.0499999
 10
-1.47499832
 20
-3.82500124
 42
1.0
 10
-1.42500096
 20
-3.82500124
 42
1.0
  0
LWPOLYLINE
  5
169
330
160
100
AcDbEntity
  8
Mechanical 13
100
AcDbPolyline
 90
        2
 70
     1
 43
0.0499999
 10
1.42500096
 20
-3.82500124
 42
1.0
 10
1.47499832
 20
-3.82500124
 42
1.0
  0
LWPOLYLINE
  5
16A
330
160
100
AcDbEntity
  8
Mechanical 13
100
AcDbPolyline
 90
        2
 70
     0
 43
0.0999998
 10
-1.44999964
 20
1.27500126
 10
-1.44999964
 20
-3.82500124
  0
LWPOLYLINE
  5
16B
330
160
100
AcDbEntity
  8
Mechanical 13
100
AcDbPolyline
 90
        2
 70
     1
 43
0.0499999
 10
-1.47499832
 20
1.27500126
 42
1.0
 10
-1.42500096
 20
1.27500126
 42
1.0
  0
LWPOLYLINE
  5
16C
330
160
100
AcDbEntity
  8
Mechanical 13
100
AcDbPolyline
 90
        2
 70
     1
 43
0.0499999
 10
-1.47499832
 20
-3.82500124
 42
1.0
 10
-1.42500096
 20
-3.82500124
 42
1.0
  0
REGION
  5
16D
102
{ACAD_REACTORS
330
16F
102
}
330
160
100
AcDbEntity
  8
Multi-Layer
 62
     9
100
AcDbModelerGeometry
290
     1
  2
{7d4ad2d5-9459-4e5a-91da-3b1c81c6e109}
  0
REGION
  5
16E
102
{ACAD_REACTORS
330
16F
102
}
330
160
100
AcDbEntity
  8
Multi-Layer
 62
     9
100
AcDbModelerGeometry
290
     1
  2
{8fd7e05c-566d-4387-9800-a41b2c168826}
  0
HATCH
  5
16F
330
160
100
AcDbEntity
  8
Multi-Layer
 62
     9
100
AcDbHatch
 10
0.0
 20
0.0
 30
0.0
210
0.0
220
0.0
230
1.0
  2
SOLID
 70
     1
 71
     1
 91
        2
 92
        1
 93
        1
 72
     2
 10
0.0
 20
-2.54
 40
1.00000054
 50
0.0
 51
360.0
 73
     1
 97
        1
330
16D
 92
        4
 93
        1
 72
     2
 10
0.0
 20
-2.54
 40
0.499999
 50
0.0
 51
360.0
 73
     1
 97
        1
330
16E
 75
     0
 76
     1
 47
0.0
 98
        0
  0
REGION
  5
170
102
{ACAD_REACTORS
330
172
102
}
330
160
100
AcDbEntity
  8
Multi-Layer
 62
     9
100
AcDbModelerGeometry
290
     1
  2
{0bc4aee6-29b8-4601-a3e7-74ce89dbc12a}
  0
REGION
  5
171
102
{ACAD_REACTORS
330
172
102
}
330
160
100
AcDbEntity
  8
Multi-Layer
 62
     9
100
AcDbModelerGeometry
290
     1
  2
{f5f42a6c-7ce0-475d-a708-d67bd65a64ed}
  0
HATCH
  5
172
330
160
100
AcDbEntity
  8
Multi-Layer
 62
     9
100
AcDbHatch
 10
0.0
 20
0.0
 30
0.0
210
0.0
220
0.0
230
1.0
  2
SOLID
 70
     1
 71
     1
 91
        2
 92
        1
 93
        4
 72
     1
 10
-1.00000054
 20
1.00000054
 11
1.00000054
 21
1.00000054
 72
     1
 10
1.00000054
 20
1.00000054
 11
1.00000054
 21
-1.00000054
 72
     1
 10
1.00000054
 20
-1.00000054
 11
-1.00000054
 21
-1.00000054
 72
     1
 10
-1.00000054
 20
-1.00000054
 11
-1.00000054
 21
1.00000054
 97
        1
330
170
 92
        4
 93
        1
 72
     2
 10
0.0
 20
0.0
 40
0.499999
 50
0.0
 51
360.0
 73
     1
 97
        1
330
171
 75
     0
 76
     1
 47
0.0
 98
        0
  0
TEXT
  5
173
330
160
100
AcDbEntity
  8
Mechanical 13
100
AcDbText
 10
0.3499993
 20
-3.2749998
 30
0.0
 40
1.00000054
  1
P1
 50
90.0
  7
Arial
100
AcDbText
  0
ENDBLK
  5
1FF
330
160
100
AcDbEntity
  8
0
100
AcDbBlockEnd
  0
BLOCK
  5
200
330
175
100
AcDbEntity
  8
0
100
AcDbBlockBegin
  2
I________SRN8040_99
 70
     0
 10
0.0
 20
0.0
 30
0.0
  3
I________SRN8040_99
  1

  0
LWPOLYLINE
  5
176
330
175
100
AcDbEntity
  8
Mechanical 13
100
AcDbPolyline
 90
        2
 70
     0
 43
0.0999998
 10
-4.50000116
 20
-4.50000116
 10
-4.50000116
 20
4.50000116
  0
LWPOLYLINE
  5
177
330
175
100
AcDbEntity
  8
Mechanical 13
100
AcDbPolyline
 90
        2
 70
     1
 43
0.0499999
 10
-4.52499984
 20
-4.50000116
 42
1.0
 10
-4.47500248
 20
-4.50000116
 42
1.0
  0
LWPOLYLINE
  5
178
330
175
100
AcDbEntity
  8
Mechanical 13
100
AcDbPolyline
 90
        2
 70
     1
 43
0.0499999
 10
-4.52499984
 20
4.50000116
 42
1.0
 10
-4.47500248
 20
4.50000116
 42
1.0
  0
LWPOLYLINE
  5
179
330
175
100
AcDbEntity
  8
Mechanical 13
100
AcDbPolyline
 90
        2
 70
     0
 43
0.0999998
 10
-4.50000116
 20
-4.50000116
 10
4.50000116
 20
-4.50000116
  0
LWPOLYLINE
  5
17A
330
175
100
AcDbEntity
  8
Mechanical 13
100
AcDbPolyline
 90
        2
 70
     1
 43
0.0499999
 10
-4.52499984
 20
-4.50000116
 42
1.0
 10
-4.47500248
 20
-4.50000116
 42
1.0
  0
LWPOLYLINE
  5
17B
330
175
100
AcDbEntity
  8
Mechanical 13
100
AcDbPolyline
 90
        2
 70
     1
 43
0.0499999
 10
4.47500248
 20
-4.50000116
 42
1.0
 10
4.52499984
 20
-4.50000116
 42
1.0
  0
LWPOLYLINE
  5
17C
330
175
100
AcDbEntity
  8
Mechanical 13
100
AcDbPolyline
 90
        2
 70
     0
 43
0.0999998
 10
4.50000116
 20
-4.50000116
 10
4.50000116
 20
4.50000116
  0
LWPOLYLINE
  5
17D
330
175
100
AcDbEntity
  8
Mechanical 13
100
AcDbPolyline
 90
        2
 70
     1
 43
0.0499999
 10
4.47500248
 20
-4.50000116
 42
1.0
 10
4.52499984
 20
-4.50000116
 42
1.0
  0
LWPOLYLINE
  5
17E
330
175
100
AcDbEntity
  8
Mechanical 13
100
AcDbPolyline
 90
        2
 70
     1
 43
0.0499999
 10
4.47500248
 20
4.50000116
 42
1.0
 10
4.52499984
 20
4.50000116
 42
1.0
  0
LWPOLYLINE
  5
17F
330
175
100
AcDbEntity
  8
Mechanical 13
100
AcDbPolyline
 90
        2
 70
     0
 43
0.0999998
 10
-4.50000116
 20
4.50000116
 10
4.50000116
 20
4.50000116
  0
LWPOLYLINE
  5
180
330
175
100
AcDbEntity
  8
Mechanical 13
100
AcDbPolyline
 90
        2
 70
     1
 43
0.0499999
 10
-4.52499984
 20
4.50000116
 42
1.0
 10
-4.47500248
 20
4.50000116
 42
1.0
  0
LWPOLYLINE
  5
181
330
175
100
AcDbEntity
  8
Mechanical 13
100
AcDbPolyline
 90
        2
 70
     1
 43
0.0499999
 10
4.47500248
 20
4.50000116
 42
1.0
 10
4.52499984
 20
4.50000116
 42
1.0
  0
TEXT
  5
182
330
175
100
AcDbEntity
  8
Mechanical 13
100
AcDbText
 10
-2.79999948
 20
-0.8000009399999999
 30
0.0
 40
1.00000054
  1
L1
 50
360.0
  7
Arial_Bold
100
AcDbText
  0
ENDBLK
  5
201
330
175
100
AcDbEntity
  8
0
100
AcDbBlockEnd
  0
BLOCK
  5
202
330
184
100
AcDbEntity
  8
0
100
AcDbBlockBegin
  2
2_P____B_____2_54____TBC05_100
 70
     0
 10
0.0
 20
0.0
 30
0.0
  3
2_P____B_____2_54____TBC05_100
  1

  0
LWPOLYLINE
  5
185
330
184
100
AcDbEntity
  8
Mechanical 13
100
AcDbPolyline
 90
        2
 70
     0
 43
0.0999998
 10
-1.49999954
 20
3.300001019999999
 10
-1.49999954
 20
-3.20000122
  0
LWPOLYLINE
  5
186
330
184
100
AcDbEntity
  8
Mechanical 13
100
AcDbPolyline
 90
        2
 70
     1
 43
0.0499999
 10
-1.52499822
 20
3.300001019999999
 42
1.0
 10
-1.47500086
 20
3.300001019999999
 42
1.0
  0
LWPOLYLINE
  5
187
330
184
100
AcDbEntity
  8
Mechanical 13
100
AcDbPolyline
 90
        2
 70
     1
 43
0.0499999
 10
-1.52499822
 20
-3.20000122
 42
1.0
 10
-1.47500086
 20
-3.20000122
 42
1.0
  0
LWPOLYLINE
  5
188
330
184
100
AcDbEntity
  8
Mechanical 13
100
AcDbPolyline
 90
        2
 70
     0
 43
0.0999998
 10
3.99999962
 20
-3.20000122
 10
-1.49999954
 20
-3.20000122
  0
LWPOLYLINE
  5
189
330
184
100
AcDbEntity
  8
Mechanical 13
100
AcDbPolyline
 90
        2
 70
     1
 43
0.0499999
 10
3.97500094
 20
-3.20000122
 42
1.0
 10
4.0249983
 20
-3.20000122
 42
1.0
  0
LWPOLYLINE
  5
18A
330
184
100
AcDbEntity
  8
Mechanical 13
100
AcDbPolyline
 90
        2
 70
     1
 43
0.0499999
 10
-1.52499822
 20
-3.20000122
 42
1.0
 10
-1.47500086
 20
-3.20000122
 42
1.0
  0
LWPOLYLINE
  5
18B
330
184
100
AcDbEntity
  8
Mechanical 13
100
AcDbPolyline
 90
        2
 70
     0
 43
0.0999998
 10
3.99999962
 20
3.300001019999999
 10
3.99999962
 20
-3.20000122
  0
LWPOLYLINE
  5
18C
330
184
100
AcDbEntity
  8
Mechanical 13
100
AcDbPolyline
 90
        2
 70
     1
 43
0.0499999
 10
3.97500094
 20
3.300001019999999
 42
1.0
 10
4.0249983
 20
3.300001019999999
 42
1.0
  0
LWPOLYLINE
  5
18D
330
184
100
AcDbEntity
  8
Mechanical 13
100
AcDbPolyline
 90
        2
 70
     1
 43
0.0499999
 10
3.97500094
 20
-3.20000122
 42
1.0
 10
4.0249983
 20
-3.20000122
 42
1.0
  0
LWPOLYLINE
  5
18E
330
184
100
AcDbEntity
  8
Mechanical 13
100
AcDbPolyline
 90
        2
 70
     0
 43
0.0999998
 10
3.99999962
 20
3.300001019999999
 10
-1.49999954
 20
3.300001019999999
  0
LWPOLYLINE
  5
18F
330
184
100
AcDbEntity
  8
Mechanical 13
100
AcDbPolyline
 90
        2
 70
     1
 43
0.0499999
 10
3.97500094
 20
3.300001019999999
 42
1.0
 10
4.0249983
 20
3.300001019999999
 42
1.0
  0
LWPOLYLINE
  5
190
330
184
100
AcDbEntity
  8
Mechanical 13
100
AcDbPolyline
 90
        2
 70
     1
 43
0.0499999
 10
-1.52499822
 20
3.300001019999999
 42
1.0
 10
-1.47500086
 20
3.300001019999999
 42
1.0
  0
REGION
  5
191
102
{ACAD_REACTORS
330
193
102
}
330
184
100
AcDbEntity
  8
Multi-Layer
 62
     9
100
AcDbModelerGeometry
290
     1
  2
{1b382ac6-9e2a-49fc-876c-fe6d8af1c98a}
  0
REGION
  5
192
102
{ACAD_REACTORS
330
193
102
}
330
184
100
AcDbEntity
  8
Multi-Layer
 62
     9
100
AcDbModelerGeometry
290
     1
  2
{299b2885-6d88-4d99-8c0c-7d3cee9b0f60}
  0
HATCH
  5
193
330
184
100
AcDbEntity
  8
Multi-Layer
 62
     9
100
AcDbHatch
 10
0.0
 20
0.0
 30
0.0
210
0.0
220
0.0
230
1.0
  2
SOLID
 70
     1
 71
     1
 91
        2
 92
        1
 93
        1
 72
     2
 10
2.54
 20
0.0
 40
1.00000054
 50
0.0
 51
360.0
 73
     1
 97
        1
330
191
 92
        4
 93
        1
 72
     2
 10
2.54
 20
0.0
 40
0.6499986999999999
 50
0.0
 51
360.0
 73
     1
 97
        1
330
192
 75
     0
 76
     1
 47
0.0
 98
        0
  0
REGION
  5
194
102
{ACAD_REACTORS
330
196
102
}
330
184
100
AcDbEntity
  8
Multi-Layer
 62
     9
100
AcDbModelerGeometry
290
     1
  2
{4224313c-67b7-4015-bd28-69cfefa27523}
  0
REGION
  5
195
102
{ACAD_REACTORS
330
196
102
}
330
184
100
AcDbEntity
  8
Multi-Layer
 62
     9
100
AcDbModelerGeometry
290
     1
  2
{2cf29d07-4f71-40ea-bec0-3a64a064ae88}
  0
HATCH
  5
196
330
184
100
AcDbEntity
  8
Multi-Layer
 62
     9
100
AcDbHatch
 10
0.0
 20
0.0
 30
0.0
210
0.0
220
0.0
230
1.0
  2
SOLID
 70
     1
 71
     1
 91
        2
 92
        1
 93
        1
 72
     2
 10
0.0
 20
0.0
 40
1.00000054
 50
0.0
 51
360.0
 73
     1
 97
        1
330
194
 92
        4
 93
        1
 72
     2
 10
0.0
 20
0.0
 40
0.6499986999999999
 50
0.0
 51
360.0
 73
     1
 97
        1
330
195
 75
     0
 76
     1
 47
0.0
 98
        0
  0
TEXT
  5
197
330
184
100
AcDbEntity
  8
Mechanical 13
100
AcDbText
 10
-1.00000054
 20
0.90000582
 30
0.0
 40
1.00000054
  1
J1
  7
Arial_Bold
100
AcDbText
  0
TEXT
  5
198
330
184
100
AcDbEntity
  8
Mechanical 13
100
AcDbText
 10
-1.55000198
 20
-4.38342278
 30
0.0
 40
0.8000009399999999
  1
PCB Edge
  7
Arial_Bold
100
AcDbText
  0
ENDBLK
  5
203
330
184
100
AcDbEntity
  8
0
100
AcDbBlockEnd
  0
BLOCK
  5
204
330
19A
100
AcDbEntity
  8
0
100
AcDbBlockBegin
  2
CASE_403A_101
 70
     0
 10
0.0
 20
0.0
 30
0.0
  3
CASE_403A_101
  1

  0
ENDBLK
  5
205
330
19A
100
AcDbEntity
  8
0
100
AcDbBlockEnd
  0
BLOCK
  5
206
330
19C
100
AcDbEntity
  8
0
100
AcDbBlockBegin
  2
C____SMD__P______5_3_5_3___102
 70
     0
 10
0.0
 20
0.0
 30
0.0
  3
C____SMD__P______5_3_5_3___102
  1

  0
LWPOLYLINE
  5
19D
330
19C
100
AcDbEntity
  8
Mechanical 13
100
AcDbPolyline
 90
        2
 70
     0
 43
0.1999996
 10
-2.89999928
 20
3.20000122
 10
-2.89999928
 20
-3.09999888
  0
LWPOLYLINE
  5
19E
330
19C
100
AcDbEntity
  8
Mechanical 13
100
AcDbPolyline
 90
        2
 70
     1
 43
0.0999998
 10
-2.94999918
 20
3.20000122
 42
1.0
 10
-2.84999938
 20
3.20000122
 42
1.0
  0
LWPOLYLINE
  5
19F
330
19C
100
AcDbEntity
  8
Mechanical 13
100
AcDbPolyline
 90
        2
 70
     1
 43
0.0999998
 10
-2.94999918
 20
-3.09999888
 42
1.0
 10
-2.84999938
 20
-3.09999888
 42
1.0
  0
LWPOLYLINE
  5
1A0
330
19C
100
AcDbEntity
  8
Mechanical 13
100
AcDbPolyline
 90
        2
 70
     0
 43
0.1999996
 10
-2.89999928
 20
3.20000122
 10
2.89999928
 20
3.20000122
  0
LWPOLYLINE
  5
1A1
330
19C
100
AcDbEntity
  8
Mechanical 13
100
AcDbPolyline
 90
        2
 70
     1
 43
0.0999998
 10
-2.94999918
 20
3.20000122
 42
1.0
 10
-2.84999938
 20
3.20000122
 42
1.0
  0
LWPOLYLINE
  5
1A2
330
19C
100
AcDbEntity
  8
Mechanical 13
100
AcDbPolyline
 90
        2
 70
     1
 43
0.0999998
 10
2.84999938
 20
3.20000122
 42
1.0
 10
2.94999918
 20
3.20000122
 42
1.0
  0
LWPOLYLINE
  5
1A3
330
19C
100
AcDbEntity
  8
Mechanical 13
100
AcDbPolyline
 90
        2
 70
     0
 43
0.1999996
 10
2.89999928
 20
3.20000122
 10
2.89999928
 20
-3.09999888
  0
LWPOLYLINE
  5
1A4
330
19C
100
AcDbEntity
  8
Mechanical 13
100
AcDbPolyline
 90
        2
 70
     1
 43
0.0999998
 10
2.84999938
 20
3.20000122
 42
1.0
 10
2.94999918
 20
3.20000122
 42
1.0
  0
LWPOLYLINE
  5
1A5
330
19C
100
AcDbEntity
  8
Mechanical 13
100
AcDbPolyline
 90
        2
 70
     1
 43
0.0999998
 10
2.84999938
 20
-3.09999888
 42
1.0
 10
2.94999918
 20
-3.09999888
 42
1.0
  0
LWPOLYLINE
  5
1A6
330
19C
100
AcDbEntity
  8
Mechanical 13
100
AcDbPolyline
 90
        2
 70
     0
 43
0.1999996
 10
-2.89999928
 20
-3.09999888
 10
2.89999928
 20
-3.09999888
  0
LWPOLYLINE
  5
1A7
330
19C
100
AcDbEntity
  8
Mechanical 13
100
AcDbPolyline
 90
        2
 70
     1
 43
0.0999998
 10
-2.94999918
 20
-3.09999888
 42
1.0
 10
-2.84999938
 20
-3.09999888
 42
1.0
  0
LWPOLYLINE
  5
1A8
330
19C
100
AcDbEntity
  8
Mechanical 13
100
AcDbPolyline
 90
        2
 70
     1
 43
0.0999998
 10
2.84999938
 20
-3.09999888
 42
1.0
 10
2.94999918
 20
-3.09999888
 42
1.0
  0
LWPOLYLINE
  5
1A9
330
19C
100
AcDbEntity
  8
Mechanical 13
100
AcDbPolyline
 90
        2
 70
     0
 43
0.1999996
 10
1.49999954
 20
2.70000222
 10
1.49999954
 20
1.90000128
  0
LWPOLYLINE
  5
1AA
330
19C
100
AcDbEntity
  8
Mechanical 13
100
AcDbPolyline
 90
        2
 70
     1
 43
0.0999998
 10
1.44999964
 20
2.70000222
 42
1.0
 10
1.54999944
 20
2.70000222
 42
1.0
  0
LWPOLYLINE
  5
1AB
330
19C
100
AcDbEntity
  8
Mechanical 13
100
AcDbPolyline
 90
        2
 70
     1
 43
0.0999998
 10
1.44999964
 20
1.90000128
 42
1.0
 10
1.54999944
 20
1.90000128
 42
1.0
  0
LWPOLYLINE
  5
1AC
330
19C
100
AcDbEntity
  8
Mechanical 13
100
AcDbPolyline
 90
        2
 70
     0
 43
0.1999996
 10
1.10000034
 20
2.30000048
 10
1.89999874
 20
2.30000048
  0
LWPOLYLINE
  5
1AD
330
19C
100
AcDbEntity
  8
Mechanical 13
100
AcDbPolyline
 90
        2
 70
     1
 43
0.0999998
 10
1.05000044
 20
2.30000048
 42
1.0
 10
1.15000024
 20
2.30000048
 42
1.0
  0
LWPOLYLINE
  5
1AE
330
19C
100
AcDbEntity
  8
Mechanical 13
100
AcDbPolyline
 90
        2
 70
     1
 43
0.0999998
 10
1.84999884
 20
2.30000048
 42
1.0
 10
1.94999864
 20
2.30000048
 42
1.0
  0
TEXT
  5
1AF
330
19C
100
AcDbEntity
  8
Mechanical 13
100
AcDbText
 10
1.23354846
 20
-0.39986966
 30
0.0
 40
0.8000009399999999
  1
C4
  7
Arial_Bold
100
AcDbText
  0
ENDBLK
  5
207
330
19C
100
AcDbEntity
  8
0
100
AcDbBlockEnd
  0
BLOCK
  5
208
330
1B1
100
AcDbEntity
  8
0
100
AcDbBlockBegin
  2
0805______103
 70
     0
 10
0.0
 20
0.0
 30
0.0
  3
0805______103
  1

  0
LWPOLYLINE
  5
1B2
330
1B1
100
AcDbEntity
  8
Mechanical 13
100
AcDbPolyline
 90
        2
 70
     0
 43
0.0999998
 10
2.70000222
 20
0.8000009399999999
 10
2.70000222
 20
-0.8000009399999999
  0
LWPOLYLINE
  5
1B3
330
1B1
100
AcDbEntity
  8
Mechanical 13
100
AcDbPolyline
 90
        2
 70
     1
 43
0.0499999
 10
2.67500354
 20
0.8000009399999999
 42
1.0
 10
2.7250009
 20
0.8000009399999999
 42
1.0
  0
LWPOLYLINE
  5
1B4
330
1B1
100
AcDbEntity
  8
Mechanical 13
100
AcDbPolyline
 90
        2
 70
     1
 43
0.0499999
 10
2.67500354
 20
-0.8000009399999999
 42
1.0
 10
2.7250009
 20
-0.8000009399999999
 42
1.0
  0
LWPOLYLINE
  5
1B5
330
1B1
100
AcDbEntity
  8
Mechanical 13
100
AcDbPolyline
 90
        2
 70
     0
 43
0.0999998
 10
-0.69993256
 20
0.8000009399999999
 10
-0.69993256
 20
-0.8000009399999999
  0
LWPOLYLINE
  5
1B6
330
1B1
100
AcDbEntity
  8
Mechanical 13
100
AcDbPolyline
 90
        2
 70
     1
 43
0.0499999
 10
-0.72493124
 20
0.8000009399999999
 42
1.0
 10
-0.67493388
 20
0.8000009399999999
 42
1.0
  0
LWPOLYLINE
  5
1B7
330
1B1
100
AcDbEntity
  8
Mechanical 13
100
AcDbPolyline
 90
        2
 70
     1
 43
0.0499999
 10
-0.72493124
 20
-0.8000009399999999
 42
1.0
 10
-0.67493388
 20
-0.8000009399999999
 42
1.0
  0
LWPOLYLINE
  5
1B8
330
1B1
100
AcDbEntity
  8
Mechanical 13
100
AcDbPolyline
 90
        2
 70
     0
 43
0.0999998
 10
-0.69993256
 20
-0.8000009399999999
 10
2.70000222
 20
-0.8000009399999999
  0
LWPOLYLINE
  5
1B9
330
1B1
100
AcDbEntity
  8
Mechanical 13
100
AcDbPolyline
 90
        2
 70
     1
 43
0.0499999
 10
-0.72493124
 20
-0.8000009399999999
 42
1.0
 10
-0.67493388
 20
-0.8000009399999999
 42
1.0
  0
LWPOLYLINE
  5
1BA
330
1B1
100
AcDbEntity
  8
Mechanical 13
100
AcDbPolyline
 90
        2
 70
     1
 43
0.0499999
 10
2.67500354
 20
-0.8000009399999999
 42
1.0
 10
2.7250009
 20
-0.8000009399999999
 42
1.0
  0
LWPOLYLINE
  5
1BB
330
1B1
100
AcDbEntity
  8
Mechanical 13
100
AcDbPolyline
 90
        2
 70
     0
 43
0.0999998
 10
-0.69993256
 20
0.8000009399999999
 10
2.70000222
 20
0.8000009399999999
  0
LWPOLYLINE
  5
1BC
330
1B1
100
AcDbEntity
  8
Mechanical 13
100
AcDbPolyline
 90
        2
 70
     1
 43
0.0499999
 10
-0.72493124
 20
0.8000009399999999
 42
1.0
 10
-0.67493388
 20
0.8000009399999999
 42
1.0
  0
LWPOLYLINE
  5
1BD
330
1B1
100
AcDbEntity
  8
Mechanical 13
100
AcDbPolyline
 90
        2
 70
     1
 43
0.0499999
 10
2.67500354
 20
0.8000009399999999
 42
1.0
 10
2.7250009
 20
0.8000009399999999
 42
1.0
  0
TEXT
  5
1BE
330
1B1
100
AcDbEntity
  8
Mechanical 13
100
AcDbText
 10
-0.1999996
 20
-0.0999998
 30
0.0
 40
0.3999992
  1
C3
  7
Arial
100
AcDbText
  0
ENDBLK
  5
209
330
1B1
100
AcDbEntity
  8
0
100
AcDbBlockEnd
  0
BLOCK
  5
20A
330
1C0
100
AcDbEntity
  8
0
100
AcDbBlockBegin
  2
C____SMD__P______5_3_5_3___104
 70
     0
 10
0.0
 20
0.0
 30
0.0
  3
C____SMD__P______5_3_5_3___104
  1

  0
LWPOLYLINE
  5
1C1
330
1C0
100
AcDbEntity
  8
Mechanical 13
100
AcDbPolyline
 90
        2
 70
     0
 43
0.1999996
 10
-2.89999928
 20
-3.09999888
 10
-2.89999928
 20
3.20000122
  0
LWPOLYLINE
  5
1C2
330
1C0
100
AcDbEntity
  8
Mechanical 13
100
AcDbPolyline
 90
        2
 70
     1
 43
0.0999998
 10
-2.94999918
 20
-3.09999888
 42
1.0
 10
-2.84999938
 20
-3.09999888
 42
1.0
  0
LWPOLYLINE
  5
1C3
330
1C0
100
AcDbEntity
  8
Mechanical 13
100
AcDbPolyline
 90
        2
 70
     1
 43
0.0999998
 10
-2.94999918
 20
3.20000122
 42
1.0
 10
-2.84999938
 20
3.20000122
 42
1.0
  0
LWPOLYLINE
  5
1C4
330
1C0
100
AcDbEntity
  8
Mechanical 13
100
AcDbPolyline
 90
        2
 70
     0
 43
0.1999996
 10
-2.89999928
 20
3.20000122
 10
2.89999928
 20
3.20000122
  0
LWPOLYLINE
  5
1C5
330
1C0
100
AcDbEntity
  8
Mechanical 13
100
AcDbPolyline
 90
        2
 70
     1
 43
0.0999998
 10
-2.94999918
 20
3.20000122
 42
1.0
 10
-2.84999938
 20
3.20000122
 42
1.0
  0
LWPOLYLINE
  5
1C6
330
1C0
100
AcDbEntity
  8
Mechanical 13
100
AcDbPolyline
 90
        2
 70
     1
 43
0.0999998
 10
2.84999938
 20
3.20000122
 42
1.0
 10
2.94999918
 20
3.20000122
 42
1.0
  0
LWPOLYLINE
  5
1C7
330
1C0
100
AcDbEntity
  8
Mechanical 13
100
AcDbPolyline
 90
        2
 70
     0
 43
0.1999996
 10
2.89999928
 20
-3.09999888
 10
2.89999928
 20
3.20000122
  0
LWPOLYLINE
  5
1C8
330
1C0
100
AcDbEntity
  8
Mechanical 13
100
AcDbPolyline
 90
        2
 70
     1
 43
0.0999998
 10
2.84999938
 20
-3.09999888
 42
1.0
 10
2.94999918
 20
-3.09999888
 42
1.0
  0
LWPOLYLINE
  5
1C9
330
1C0
100
AcDbEntity
  8
Mechanical 13
100
AcDbPolyline
 90
        2
 70
     1
 43
0.0999998
 10
2.84999938
 20
3.20000122
 42
1.0
 10
2.94999918
 20
3.20000122
 42
1.0
  0
LWPOLYLINE
  5
1CA
330
1C0
100
AcDbEntity
  8
Mechanical 13
100
AcDbPolyline
 90
        2
 70
     0
 43
0.1999996
 10
-2.89999928
 20
-3.09999888
 10
2.89999928
 20
-3.09999888
  0
LWPOLYLINE
  5
1CB
330
1C0
100
AcDbEntity
  8
Mechanical 13
100
AcDbPolyline
 90
        2
 70
     1
 43
0.0999998
 10
-2.94999918
 20
-3.09999888
 42
1.0
 10
-2.84999938
 20
-3.09999888
 42
1.0
  0
LWPOLYLINE
  5
1CC
330
1C0
100
AcDbEntity
  8
Mechanical 13
100
AcDbPolyline
 90
        2
 70
     1
 43
0.0999998
 10
2.84999938
 20
-3.09999888
 42
1.0
 10
2.94999918
 20
-3.09999888
 42
1.0
  0
LWPOLYLINE
  5
1CD
330
1C0
100
AcDbEntity
  8
Mechanical 13
100
AcDbPolyline
 90
        2
 70
     0
 43
0.1999996
 10
1.49999954
 20
1.90000128
 10
1.49999954
 20
2.70000222
  0
LWPOLYLINE
  5
1CE
330
1C0
100
AcDbEntity
  8
Mechanical 13
100
AcDbPolyline
 90
        2
 70
     1
 43
0.0999998
 10
1.44999964
 20
1.90000128
 42
1.0
 10
1.54999944
 20
1.90000128
 42
1.0
  0
LWPOLYLINE
  5
1CF
330
1C0
100
AcDbEntity
  8
Mechanical 13
100
AcDbPolyline
 90
        2
 70
     1
 43
0.0999998
 10
1.44999964
 20
2.70000222
 42
1.0
 10
1.54999944
 20
2.70000222
 42
1.0
  0
LWPOLYLINE
  5
1D0
330
1C0
100
AcDbEntity
  8
Mechanical 13
100
AcDbPolyline
 90
        2
 70
     0
 43
0.1999996
 10
1.10000034
 20
2.30000048
 10
1.89999874
 20
2.30000048
  0
LWPOLYLINE
  5
1D1
330
1C0
100
AcDbEntity
  8
Mechanical 13
100
AcDbPolyline
 90
        2
 70
     1
 43
0.0999998
 10
1.05000044
 20
2.30000048
 42
1.0
 10
1.15000024
 20
2.30000048
 42
1.0
  0
LWPOLYLINE
  5
1D2
330
1C0
100
AcDbEntity
  8
Mechanical 13
100
AcDbPolyline
 90
        2
 70
     1
 43
0.0999998
 10
1.84999884
 20
2.30000048
 42
1.0
 10
1.94999864
 20
2.30000048
 42
1.0
  0
TEXT
  5
1D3
330
1C0
100
AcDbEntity
  8
Mechanical 13
100
AcDbText
 10
1.23354846
 20
-0.39986966
 30
0.0
 40
0.8000009399999999
  1
C2
 50
360.0
  7
Arial_Bold
100
AcDbText
  0
ENDBLK
  5
20B
330
1C0
100
AcDbEntity
  8
0
100
AcDbBlockEnd
  0
BLOCK
  5
20C
330
1D5
100
AcDbEntity
  8
0
100
AcDbBlockBegin
  2
0805______105
 70
     0
 10
0.0
 20
0.0
 30
0.0
  3
0805______105
  1

  0
LWPOLYLINE
  5
1D6
330
1D5
100
AcDbEntity
  8
Mechanical 13
100
AcDbPolyline
 90
        2
 70
     0
 43
0.0999998
 10
2.70000222
 20
-0.8000009399999999
 10
2.70000222
 20
0.8000009399999999
  0
LWPOLYLINE
  5
1D7
330
1D5
100
AcDbEntity
  8
Mechanical 13
100
AcDbPolyline
 90
        2
 70
     1
 43
0.0499999
 10
2.67500354
 20
-0.8000009399999999
 42
1.0
 10
2.7250009
 20
-0.8000009399999999
 42
1.0
  0
LWPOLYLINE
  5
1D8
330
1D5
100
AcDbEntity
  8
Mechanical 13
100
AcDbPolyline
 90
        2
 70
     1
 43
0.0499999
 10
2.67500354
 20
0.8000009399999999
 42
1.0
 10
2.7250009
 20
0.8000009399999999
 42
1.0
  0
LWPOLYLINE
  5
1D9
330
1D5
100
AcDbEntity
  8
Mechanical 13
100
AcDbPolyline
 90
        2
 70
     0
 43
0.0999998
 10
-0.69993256
 20
-0.8000009399999999
 10
-0.69993256
 20
0.8000009399999999
  0
LWPOLYLINE
  5
1DA
330
1D5
100
AcDbEntity
  8
Mechanical 13
100
AcDbPolyline
 90
        2
 70
     1
 43
0.0499999
 10
-0.72493124
 20
-0.8000009399999999
 42
1.0
 10
-0.67493388
 20
-0.8000009399999999
 42
1.0
  0
LWPOLYLINE
  5
1DB
330
1D5
100
AcDbEntity
  8
Mechanical 13
100
AcDbPolyline
 90
        2
 70
     1
 43
0.0499999
 10
-0.72493124
 20
0.8000009399999999
 42
1.0
 10
-0.67493388
 20
0.8000009399999999
 42
1.0
  0
LWPOLYLINE
  5
1DC
330
1D5
100
AcDbEntity
  8
Mechanical 13
100
AcDbPolyline
 90
        2
 70
     0
 43
0.0999998
 10
-0.69993256
 20
-0.8000009399999999
 10
2.70000222
 20
-0.8000009399999999
  0
LWPOLYLINE
  5
1DD
330
1D5
100
AcDbEntity
  8
Mechanical 13
100
AcDbPolyline
 90
        2
 70
     1
 43
0.0499999
 10
-0.72493124
 20
-0.8000009399999999
 42
1.0
 10
-0.67493388
 20
-0.8000009399999999
 42
1.0
  0
LWPOLYLINE
  5
1DE
330
1D5
100
AcDbEntity
  8
Mechanical 13
100
AcDbPolyline
 90
        2
 70
     1
 43
0.0499999
 10
2.67500354
 20
-0.8000009399999999
 42
1.0
 10
2.7250009
 20
-0.8000009399999999
 42
1.0
  0
LWPOLYLINE
  5
1DF
330
1D5
100
AcDbEntity
  8
Mechanical 13
100
AcDbPolyline
 90
        2
 70
     0
 43
0.0999998
 10
-0.69993256
 20
0.8000009399999999
 10
2.70000222
 20
0.8000009399999999
  0
LWPOLYLINE
  5
1E0
330
1D5
100
AcDbEntity
  8
Mechanical 13
100
AcDbPolyline
 90
        2
 70
     1
 43
0.0499999
 10
-0.72493124
 20
0.8000009399999999
 42
1.0
 10
-0.67493388
 20
0.8000009399999999
 42
1.0
  0
LWPOLYLINE
  5
1E1
330
1D5
100
AcDbEntity
  8
Mechanical 13
100
AcDbPolyline
 90
        2
 70
     1
 43
0.0499999
 10
2.67500354
 20
0.8000009399999999
 42
1.0
 10
2.7250009
 20
0.8000009399999999
 42
1.0
  0
TEXT
  5
1E2
330
1D5
100
AcDbEntity
  8
Mechanical 13
100
AcDbText
 10
-0.1999996
 20
-0.0999998
 30
0.0
 40
0.3999992
  1
C1
 50
360.0
  7
Arial
100
AcDbText
  0
ENDBLK
  5
20D
330
1D5
100
AcDbEntity
  8
0
100
AcDbBlockEnd
  0
ENDSEC
  0
SECTION
  2
ENTITIES
  0
LWPOLYLINE
  5
62
330
1F
100
AcDbEntity
  8
Keep-Out Layer
100
AcDbPolyline
 90
        2
 70
     0
 43
0.0999998
 10
86.00000071999999
 20
25.4999998
 10
129.50000008
 20
25.4999998
  0
LWPOLYLINE
  5
63
330
1F
100
AcDbEntity
  8
Keep-Out Layer
100
AcDbPolyline
 90
        2
 70
     1
 43
0.0499999
 10
85.97500203999999
 20
25.4999998
 42
1.0
 10
86.02499939999998
 20
25.4999998
 42
1.0
  0
LWPOLYLINE
  5
64
330
1F
100
AcDbEntity
  8
Keep-Out Layer
100
AcDbPolyline
 90
        2
 70
     1
 43
0.0499999
 10
129.4750014
 20
25.4999998
 42
1.0
 10
129.52499876
 20
25.4999998
 42
1.0
  0
LWPOLYLINE
  5
65
330
1F
100
AcDbEntity
  8
Keep-Out Layer
100
AcDbPolyline
 90
        2
 70
     0
 43
0.0999998
 10
83.00000164
 20
28.49999888
 10
83.00000164
 20
61.25000195999999
  0
LWPOLYLINE
  5
66
330
1F
100
AcDbEntity
  8
Keep-Out Layer
100
AcDbPolyline
 90
        2
 70
     1
 43
0.0499999
 10
82.97500296
 20
28.49999888
 42
1.0
 10
83.02500031999999
 20
28.49999888
 42
1.0
  0
LWPOLYLINE
  5
67
330
1F
100
AcDbEntity
  8
Keep-Out Layer
100
AcDbPolyline
 90
        2
 70
     1
 43
0.0499999
 10
82.97500296
 20
61.25000195999999
 42
1.0
 10
83.02500031999999
 20
61.25000195999999
 42
1.0
  0
LWPOLYLINE
  5
68
330
1F
100
AcDbEntity
  8
Keep-Out Layer
100
AcDbPolyline
 90
        2
 70
     0
 43
0.0999998
 10
85.50001188
 20
63.7500122
 10
129.50000008
 20
63.7500122
  0
LWPOLYLINE
  5
69
330
1F
100
AcDbEntity
  8
Keep-Out Layer
100
AcDbPolyline
 90
        2
 70
     1
 43
0.0499999
 10
85.47501319999999
 20
63.7500122
 42
1.0
 10
85.52501056
 20
63.7500122
 42
1.0
  0
LWPOLYLINE
  5
6A
330
1F
100
AcDbEntity
  8
Keep-Out Layer
100
AcDbPolyline
 90
        2
 70
     1
 43
0.0499999
 10
129.4750014
 20
63.7500122
 42
1.0
 10
129.52499876
 20
63.7500122
 42
1.0
  0
LWPOLYLINE
  5
6B
330
1F
100
AcDbEntity
  8
Keep-Out Layer
100
AcDbPolyline
 90
        2
 70
     0
 43
0.0999998
 10
132.49999408
 20
28.49999888
 10
132.49999916
 20
60.75000042
  0
LWPOLYLINE
  5
6C
330
1F
100
AcDbEntity
  8
Keep-Out Layer
100
AcDbPolyline
 90
        2
 70
     1
 43
0.0499999
 10
132.4749954
 20
28.49999888
 42
1.0
 10
132.52499276
 20
28.49999888
 42
1.0
  0
LWPOLYLINE
  5
6D
330
1F
100
AcDbEntity
  8
Keep-Out Layer
100
AcDbPolyline
 90
        2
 70
     1
 43
0.0499999
 10
132.47500048
 20
60.75000042
 42
1.0
 10
132.52499784
 20
60.75000042
 42
1.0
  0
LWPOLYLINE
  5
6E
330
1F
100
AcDbEntity
  8
Keep-Out Layer
100
AcDbPolyline
 90
        2
 70
     0
 43
0.0999998
 10
129.50000008
 20
63.74999949999999
 42
-0.4142135623730951
 10
132.49999916
 20
60.75000042
  0
LWPOLYLINE
  5
6F
330
1F
100
AcDbEntity
  8
Keep-Out Layer
100
AcDbPolyline
 90
        2
 70
     1
 43
0.0499999
 10
129.4750014
 20
63.74999949999999
 42
1.0
 10
129.52499876
 20
63.74999949999999
 42
1.0
  0
LWPOLYLINE
  5
70
330
1F
100
AcDbEntity
  8
Keep-Out Layer
100
AcDbPolyline
 90
        2
 70
     1
 43
0.0499999
 10
132.47500048
 20
60.75000042
 42
1.0
 10
132.52499784
 20
60.75000042
 42
1.0
  0
LWPOLYLINE
  5
71
330
1F
100
AcDbEntity
  8
Keep-Out Layer
100
AcDbPolyline
 90
        2
 70
     0
 43
0.0999998
 10
132.49999916
 20
28.49999888
 42
-0.4142135623730951
 10
129.50000008
 20
25.4999998
  0
LWPOLYLINE
  5
72
330
1F
100
AcDbEntity
  8
Keep-Out Layer
100
AcDbPolyline
 90
        2
 70
     1
 43
0.0499999
 10
132.47500048
 20
28.49999888
 42
1.0
 10
132.52499784
 20
28.49999888
 42
1.0
  0
LWPOLYLINE
  5
73
330
1F
100
AcDbEntity
  8
Keep-Out Layer
100
AcDbPolyline
 90
        2
 70
     1
 43
0.0499999
 10
129.4750014
 20
25.4999998
 42
1.0
 10
129.52499876
 20
25.4999998
 42
1.0
  0
LWPOLYLINE
  5
74
330
1F
100
AcDbEntity
  8
Keep-Out Layer
100
AcDbPolyline
 90
        2
 70
     0
 43
0.0999998
 10
86.00000071999999
 20
25.4999998
 42
-0.4142135623730951
 10
83.00000164
 20
28.49999888
  0
LWPOLYLINE
  5
75
330
1F
100
AcDbEntity
  8
Keep-Out Layer
100
AcDbPolyline
 90
        2
 70
     1
 43
0.0499999
 10
85.97500203999999
 20
25.4999998
 42
1.0
 10
86.02499939999998
 20
25.4999998
 42
1.0
  0
LWPOLYLINE
  5
76
330
1F
100
AcDbEntity
  8
Keep-Out Layer
100
AcDbPolyline
 90
        2
 70
     1
 43
0.0499999
 10
82.97500296
 20
28.49999888
 42
1.0
 10
83.02500031999999
 20
28.49999888
 42
1.0
  0
LWPOLYLINE
  5
77
330
1F
100
AcDbEntity
  8
Keep-Out Layer
100
AcDbPolyline
 90
        2
 70
     0
 43
0.0999998
 10
83.00000164
 20
61.25000195999999
 42
-0.4142135623730951
 10
85.50001188
 20
63.7500122
  0
LWPOLYLINE
  5
78
330
1F
100
AcDbEntity
  8
Keep-Out Layer
100
AcDbPolyline
 90
        2
 70
     1
 43
0.0499999
 10
82.97500296
 20
61.25000195999999
 42
1.0
 10
83.02500031999999
 20
61.25000195999999
 42
1.0
  0
LWPOLYLINE
  5
79
330
1F
100
AcDbEntity
  8
Keep-Out Layer
100
AcDbPolyline
 90
        2
 70
     1
 43
0.0499999
 10
85.47501319999999
 20
63.7500122
 42
1.0
 10
85.52501056
 20
63.7500122
 42
1.0
  0
REGION
  5
7A
102
{ACAD_REACTORS
330
7C
102
}
330
1F
100
AcDbEntity
  8
Multi-Layer
 62
     9
100
AcDbModelerGeometry
290
     1
  2
{660e0c38-aa6e-464b-a7fd-f545bb65cc06}
  0
REGION
  5
7B
102
{ACAD_REACTORS
330
7C
102
}
330
1F
100
AcDbEntity
  8
Multi-Layer
 62
     9
100
AcDbModelerGeometry
290
     1
  2
{0d3c9d9f-2553-426a-8ef1-95be7080ba2e}
  0
HATCH
  5
7C
330
1F
100
AcDbEntity
  8
Multi-Layer
 62
     9
100
AcDbHatch
 10
0.0
 20
0.0
 30
0.0
210
0.0
220
0.0
230
1.0
  2
SOLID
 70
     1
 71
     1
 91
        2
 92
        1
 93
        1
 72
     2
 10
110.99999898
 20
38.0000002
 40
1.59999934
 50
0.0
 51
360.0
 73
     1
 97
        1
330
7A
 92
        4
 93
        1
 72
     2
 10
110.99999898
 20
38.0000002
 40
1.59999934
 50
0.0
 51
360.0
 73
     1
 97
        1
330
7B
 75
     0
 76
     1
 47
0.0
 98
        0
  0
REGION
  5
7D
102
{ACAD_REACTORS
330
7F
102
}
330
1F
100
AcDbEntity
  8
Multi-Layer
 62
     9
100
AcDbModelerGeometry
290
     1
  2
{c7f3cfa3-a7fb-4b7d-ad07-ccee3e597efe}
  0
REGION
  5
7E
102
{ACAD_REACTORS
330
7F
102
}
330
1F
100
AcDbEntity
  8
Multi-Layer
 62
     9
100
AcDbModelerGeometry
290
     1
  2
{d9f02188-a827-48c2-88d1-4c17180ec541}
  0
HATCH
  5
7F
330
1F
100
AcDbEntity
  8
Multi-Layer
 62
     9
100
AcDbHatch
 10
0.0
 20
0.0
 30
0.0
210
0.0
220
0.0
230
1.0
  2
SOLID
 70
     1
 71
     1
 91
        2
 92
        1
 93
        1
 72
     2
 10
129.00000108
 20
59.99999938
 40
1.59999934
 50
0.0
 51
360.0
 73
     1
 97
        1
330
7D
 92
        4
 93
        1
 72
     2
 10
129.00000108
 20
59.99999938
 40
1.59999934
 50
0.0
 51
360.0
 73
     1
 97
        1
330
7E
 75
     0
 76
     1
 47
0.0
 98
        0
  0
REGION
  5
80
102
{ACAD_REACTORS
330
82
102
}
330
1F
100
AcDbEntity
  8
Multi-Layer
 62
     9
100
AcDbModelerGeometry
290
     1
  2
{0320915e-138a-4b6e-a740-70cf5f79db5d}
  0
REGION
  5
81
102
{ACAD_REACTORS
330
82
102
}
330
1F
100
AcDbEntity
  8
Multi-Layer
 62
     9
100
AcDbModelerGeometry
290
     1
  2
{b17246ad-4092-4e94-8bb2-58e053068457}
  0
HATCH
  5
82
330
1F
100
AcDbEntity
  8
Multi-Layer
 62
     9
100
AcDbHatch
 10
0.0
 20
0.0
 30
0.0
210
0.0
220
0.0
230
1.0
  2
SOLID
 70
     1
 71
     1
 91
        2
 92
        1
 93
        1
 72
     2
 10
87.00000125999999
 20
59.99999938
 40
1.59999934
 50
0.0
 51
360.0
 73
     1
 97
        1
330
80
 92
        4
 93
        1
 72
     2
 10
87.00000125999999
 20
59.99999938
 40
1.59999934
 50
0.0
 51
360.0
 73
     1
 97
        1
330
81
 75
     0
 76
     1
 47
0.0
 98
        0
  0
INSERT
  5
84
330
1F
100
AcDbEntity
  8
0
100
AcDbBlockReference
  2
DO_214AC_85
 10
111.50000052
 20
28.39999908
 30
0.0
 50
90.0
  0
INSERT
  5
97
330
1F
100
AcDbEntity
  8
0
100
AcDbBlockReference
  2
ESP32_C6_ZERO_86
 10
105.00000082
 20
27.32000124
 30
0.0
 50
180.0
  0
INSERT
  5
A9
330
1F
100
AcDbEntity
  8
0
100
AcDbBlockReference
  2
P____PAD_S___8_87
 10
117.8870007
 20
33.39200332
 30
0.0
  0
INSERT
  5
B9
330
1F
100
AcDbEntity
  8
0
100
AcDbBlockReference
  2
0805_B_88
 10
97.99999958
 20
47.49999898
 30
0.0
  0
INSERT
  5
C8
330
1F
100
AcDbEntity
  8
0
100
AcDbBlockReference
  2
0805_B_89
 10
97.99999958
 20
42.74999832
 30
0.0
  0
INSERT
  5
D7
330
1F
100
AcDbEntity
  8
0
100
AcDbBlockReference
  2
0805_B_90
 10
97.99999958
 20
38.2499997
 30
0.0
  0
INSERT
  5
E6
330
1F
100
AcDbEntity
  8
0
100
AcDbBlockReference
  2
0805_B_91
 10
100.00000066
 20
45.74999994
 30
0.0
 50
180.0
  0
INSERT
  5
F5
330
1F
100
AcDbEntity
  8
0
100
AcDbBlockReference
  2
0805_B_92
 10
100.00000066
 20
40.99999928
 30
0.0
 50
180.0
  0
INSERT
  5
104
330
1F
100
AcDbEntity
  8
0
100
AcDbBlockReference
  2
0805_B_93
 10
100.00000066
 20
36.50000066
 30
0.0
 50
180.0
  0
INSERT
  5
119
330
1F
100
AcDbEntity
  8
0
100
AcDbBlockReference
  2
BC547_TO_92_BENT_94
 10
103.74999824
 20
52.50000168
 30
0.0
 50
270.0
  0
INSERT
  5
12E
330
1F
100
AcDbEntity
  8
0
100
AcDbBlockReference
  2
BC547_TO_92_BENT_95
 10
96.74999954
 20
52.50000168
 30
0.0
 50
270.0
  0
INSERT
  5
143
330
1F
100
AcDbEntity
  8
0
100
AcDbBlockReference
  2
BC547_TO_92_BENT_96
 10
89.7499983
 20
52.50000168
 30
0.0
 50
270.0
  0
INSERT
  5
15F
330
1F
100
AcDbEntity
  8
0
100
AcDbBlockReference
  2
4_P____B_____2_54___TBC05_97
 10
100.33999998
 20
60.40000112
 30
0.0
 50
180.0
  0
INSERT
  5
174
330
1F
100
AcDbEntity
  8
0
100
AcDbBlockReference
  2
_______L_98
 10
116.71000026
 20
28.25000446
 30
0.0
 50
90.0
  0
INSERT
  5
183
330
1F
100
AcDbEntity
  8
0
100
AcDbBlockReference
  2
I________SRN8040_99
 10
117.75000072
 20
43.75000394
 30
0.0
  0
INSERT
  5
199
330
1F
100
AcDbEntity
  8
0
100
AcDbBlockReference
  2
2_P____B_____2_54____TBC05_100
 10
122.28999926
 20
60.50000092
 30
0.0
 50
180.0
  0
INSERT
  5
19B
330
1F
100
AcDbEntity
  8
0
100
AcDbBlockReference
  2
CASE_403A_101
 10
124.75000196
 20
40.73400286
 30
0.0
 50
270.0
  0
INSERT
  5
1B0
330
1F
100
AcDbEntity
  8
0
100
AcDbBlockReference
  2
C____SMD__P______5_3_5_3___102
 10
118.19999982
 20
52.4999204
 30
0.0
 50
90.0
  0
INSERT
  5
1BF
330
1F
100
AcDbEntity
  8
0
100
AcDbBlockReference
  2
0805______103
 10
122.75000088
 20
31.9999995
 30
0.0
 50
90.0
  0
INSERT
  5
1D4
330
1F
100
AcDbEntity
  8
0
100
AcDbBlockReference
  2
C____SMD__P______5_3_5_3___104
 10
127.75000104
 20
31.25000354
 30
0.0
  0
INSERT
  5
1E3
330
1F
100
AcDbEntity
  8
0
100
AcDbBlockReference
  2
0805______105
 10
116.75000018
 20
37.5000012
 30
0.0
  0
ENDSEC
  0
SECTION
  2
OBJECTS
  0
DICTIONARY
  5
C
330
0
100
AcDbDictionary
281
     1
  3
ACAD_DETAILVIEWSTYLE
350
215
  3
ACAD_GROUP
350
D
  3
ACAD_LAYOUT
350
1A
  3
ACAD_MATERIAL
350
43
  3
ACAD_MLEADERSTYLE
350
5B
  3
ACAD_MLINESTYLE
350
17
  3
ACAD_PLOTSETTINGS
350
19
  3
ACAD_PLOTSTYLENAME
350
E
  3
ACAD_SCALELIST
350
47
  3
ACAD_SECTIONVIEWSTYLE
350
216
  3
ACAD_TABLESTYLE
350
59
  3
ACAD_VISUALSTYLE
350
2A
  3
ACDB_RECOMPOSE_DATA
350
212
  3
AcDbVariableDictionary
350
20E
  0
SUN
  5
5D
330
29
100
AcDbSun
 90
        1
290
     0
 63
     7
421
 16777215
 40
1.0
291
     1
 91
  2455826
 92
 54000000
292
     0
 70
     2
 71
   256
280
     1
  0
DICTIONARY
  5
215
102
{ACAD_REACTORS
330
C
102
}
330
C
100
AcDbDictionary
281
     1
  0
DICTIONARY
  5
D
102
{ACAD_REACTORS
330
C
102
}
330
C
100
AcDbDictionary
281
     1
  0
DICTIONARY
  5
1A
102
{ACAD_REACTORS
330
C
102
}
330
C
100
AcDbDictionary
281
     1
  3
Layout1
350
1E
  3
Layout2
350
26
  3
Model
350
22
  0
DICTIONARY
  5
43
102
{ACAD_REACTORS
330
C
102
}
330
C
100
AcDbDictionary
281
     1
  3
ByBlock
350
45
  3
ByLayer
350
44
  3
Global
350
46
  0
DICTIONARY
  5
5B
102
{ACAD_REACTORS
330
C
102
}
330
C
100
AcDbDictionary
281
     1
  3
Standard
350
5C
  0
DICTIONARY
  5
17
102
{ACAD_REACTORS
330
C
102
}
330
C
100
AcDbDictionary
281
     1
  3
Standard
350
18
  0
DICTIONARY
  5
19
102
{ACAD_REACTORS
330
C
102
}
330
C
100
AcDbDictionary
281
     1
  0
ACDBDICTIONARYWDFLT
  5
E
102
{ACAD_REACTORS
330
C
102
}
330
C
100
AcDbDictionary
281
     1
  3
Normal
350
F
100
AcDbDictionaryWithDefault
340
F
  0
DICTIONARY
  5
47
102
{ACAD_REACTORS
330
C
102
}
330
C
100
AcDbDictionary
281
     1
  3
A0
350
48
  3
A1
350
49
  3
A2
350
4A
  3
A3
350
4B
  3
A4
350
4C
  3
A5
350
4D
  3
A6
350
4E
  3
A7
350
4F
  3
A8
350
50
  3
A9
350
51
  3
B1
350
52
  3
B2
350
53
  3
B3
350
54
  3
B4
350
55
  3
B5
350
56
  3
B6
350
57
  3
B7
350
58
  0
DICTIONARY
  5
216
102
{ACAD_REACTORS
330
C
102
}
330
C
100
AcDbDictionary
281
     1
  0
DICTIONARY
  5
59
102
{ACAD_REACTORS
330
C
102
}
330
C
100
AcDbDictionary
281
     1
  3
Standard
350
5A
  0
DICTIONARY
  5
2A
102
{ACAD_REACTORS
330
C
102
}
330
C
100
AcDbDictionary
281
     1
  3
2dWireframe
350
2F
  3
Basic
350
32
  3
Brighten
350
36
  3
ColorChange
350
3A
  3
Conceptual
350
34
  3
Dim
350
35
  3
EdgeColorOff
350
3D
  3
Facepattern
350
39
  3
Flat
350
2B
  3
FlatWithEdges
350
2C
  3
Gouraud
350
2D
  3
GouraudWithEdges
350
2E
  3
Hidden
350
31
  3
JitterOff
350
3B
  3
Linepattern
350
38
  3
OverhangOff
350
3C
  3
Realistic
350
33
  3
Shaded
350
42
  3
Shaded with edges
350
41
  3
Shades of Gray
350
3E
  3
Sketchy
350
3F
  3
Thicken
350
37
  3
Wireframe
350
30
  3
X-Ray
350
40
  0
XRECORD
  5
212
102
{ACAD_REACTORS
330
C
102
}
330
C
100
AcDbXrecord
280
     1
 90
        1
330
5A
  0
DICTIONARY
  5
20E
102
{ACAD_REACTORS
330
C
102
}
330
C
100
AcDbDictionary
281
     1
  3
CANNOSCALE
350
20F
  3
CMLEADERSTYLE
350
214
  3
CTABLESTYLE
350
213
  0
LAYOUT
  5
1E
102
{ACAD_REACTORS
330
1A
102
}
330
1A
100
AcDbPlotSettings
  1

  2
none_device
  4

  6

 40
0.0
 41
0.0
 42
0.0
 43
0.0
 44
0.0
 45
0.0
 46
0.0
 47
0.0
 48
0.0
 49
0.0
140
0.0
141
0.0
142
1.0
143
1.0
 70
   688
 72
     0
 73
     0
 74
     5
  7

 75
    16
 76
     0
 77
     2
 78
   300
147
1.0
148
0.0
149
0.0
100
AcDbLayout
  1
Layout1
 70
     1
 71
     1
 10
0.0
 20
0.0
 11
12.0
 21
9.0
 12
0.0
 22
0.0
 32
0.0
 14
1.000000000000000E+20
 24
1.000000000000000E+20
 34
1.000000000000000E+20
 15
-1.000000000000000E+20
 25
-1.000000000000000E+20
 35
-1.000000000000000E+20
146
0.0
 13
0.0
 23
0.0
 33
0.0
 16
1.0
 26
0.0
 36
0.0
 17
0.0
 27
1.0
 37
0.0
 76
     0
330
1B
  0
LAYOUT
  5
26
102
{ACAD_REACTORS
330
1A
102
}
330
1A
100
AcDbPlotSettings
  1

  2
none_device
  4

  6

 40
0.0
 41
0.0
 42
0.0
 43
0.0
 44
0.0
 45
0.0
 46
0.0
 47
0.0
 48
0.0
 49
0.0
140
0.0
141
0.0
142
1.0
143
1.0
 70
   688
 72
     0
 73
     0
 74
     5
  7

 75
    16
 76
     0
 77
     2
 78
   300
147
1.0
148
0.0
149
0.0
100
AcDbLayout
  1
Layout2
 70
     1
 71
     2
 10
0.0
 20
0.0
 11
0.0
 21
0.0
 12
0.0
 22
0.0
 32
0.0
 14
0.0
 24
0.0
 34
0.0
 15
0.0
 25
0.0
 35
0.0
146
0.0
 13
0.0
 23
0.0
 33
0.0
 16
1.0
 26
0.0
 36
0.0
 17
0.0
 27
1.0
 37
0.0
 76
     0
330
23
  0
LAYOUT
  5
22
102
{ACAD_REACTORS
330
1A
102
}
330
1A
100
AcDbPlotSettings
  1

  2
none_device
  4
Letter_(8.50_x_11.00_Inches)
  6

 40
6.35
 41
6.35
 42
6.35000508
 43
6.35000508
 44
215.9
 45
279.4
 46
0.0
 47
0.0
 48
0.0
 49
0.0
140
0.0
141
0.0
142
1.0
143
1.0
 70
  1712
 72
     0
 73
     0
 74
     0
  7

 75
     0
 76
     0
 77
     2
 78
   300
147
1.0
148
0.0
149
0.0
100
AcDbLayout
  1
Model
 70
     1
 71
     0
 10
77.3886946
 20
23.63749908
 11
138.09171772
 21
74.88197113999999
 12
0.0
 22
0.0
 32
0.0
 14
1.000000000000000E+20
 24
1.000000000000000E+20
 34
1.000000000000000E+20
 15
-1.000000000000000E+20
 25
-1.000000000000000E+20
 35
-1.000000000000000E+20
146
0.0
 13
0.0
 23
0.0
 33
0.0
 16
1.0
 26
0.0
 36
0.0
 17
0.0
 27
1.0
 37
0.0
 76
     0
330
1F
331
29
  0
MATERIAL
  5
45
102
{ACAD_REACTORS
330
43
102
}
330
43
100
AcDbMaterial
  1
ByBlock
 72
     1
 94
      127
  0
MATERIAL
  5
44
102
{ACAD_REACTORS
330
43
102
}
330
43
100
AcDbMaterial
  1
ByLayer
 72
     1
 94
      127
  0
MATERIAL
  5
46
102
{ACAD_REACTORS
330
43
102
}
330
43
100
AcDbMaterial
  1
Global
 72
     1
 94
      127
  0
MLEADERSTYLE
  5
5C
102
{ACAD_REACTORS
330
5B
102
}
330
5B
100
AcDbMLeaderStyle
179
     2
170
     2
171
     1
172
     0
 90
        2
 40
0.0
 41
0.0
173
     1
 91
-1056964608
340
14
 92
       -2
290
     1
 42
0.09
291
     1
 43
0.36
  3
Standard
341
0
 44
0.18
300

342
11
174
     1
178
     6
175
     1
176
     0
 93
-1056964608
 45
0.18
292
     0
297
     0
 46
0.18
343
0
 94
-1056964608
 47
1.0
 49
1.0
140
1.0
293
     1
141
0.0
294
     1
177
     0
142
1.0
295
     0
296
     0
143
0.125
271
     0
272
     9
273
     9
298
     0
  0
MLINESTYLE
  5
18
102
{ACAD_REACTORS
330
17
102
}
330
17
100
AcDbMlineStyle
  2
Standard
 70
     0
  3

 62
   256
 51
90.0
 52
90.0
 71
     2
 49
0.5
 62
   256
  6
BYLAYER
 49
-0.5
 62
   256
  6
BYLAYER
  0
ACDBPLACEHOLDER
  5
F
102
{ACAD_REACTORS
330
E
102
}
330
E
  0
SCALE
  5
48
102
{ACAD_REACTORS
330
47
102
}
330
47
100
AcDbScale
 70
     0
300
1:1
140
1.0
141
1.0
290
     1
  0
SCALE
  5
49
102
{ACAD_REACTORS
330
47
102
}
330
47
100
AcDbScale
 70
     0
300
1/128" = 1'-0"
140
0.0078125
141
12.0
290
     0
  0
SCALE
  5
4A
102
{ACAD_REACTORS
330
47
102
}
330
47
100
AcDbScale
 70
     0
300
1/64" = 1'-0"
140
0.015625
141
12.0
290
     0
  0
SCALE
  5
4B
102
{ACAD_REACTORS
330
47
102
}
330
47
100
AcDbScale
 70
     0
300
1/32" = 1'-0"
140
0.03125
141
12.0
290
     0
  0
SCALE
  5
4C
102
{ACAD_REACTORS
330
47
102
}
330
47
100
AcDbScale
 70
     0
300
1/16" = 1'-0"
140
0.0625
141
12.0
290
     0
  0
SCALE
  5
4D
102
{ACAD_REACTORS
330
47
102
}
330
47
100
AcDbScale
 70
     0
300
3/32" = 1'-0"
140
0.09375
141
12.0
290
     0
  0
SCALE
  5
4E
102
{ACAD_REACTORS
330
47
102
}
330
47
100
AcDbScale
 70
     0
300
1/8" = 1'-0"
140
0.125
141
12.0
290
     0
  0
SCALE
  5
4F
102
{ACAD_REACTORS
330
47
102
}
330
47
100
AcDbScale
 70
     0
300
3/16" = 1'-0"
140
0.1875
141
12.0
290
     0
  0
SCALE
  5
50
102
{ACAD_REACTORS
330
47
102
}
330
47
100
AcDbScale
 70
     0
300
1/4" = 1'-0"
140
0.25
141
12.0
290
     0
  0
SCALE
  5
51
102
{ACAD_REACTORS
330
47
102
}
330
47
100
AcDbScale
 70
     0
300
3/8" = 1'-0"
140
0.375
141
12.0
290
     0
  0
SCALE
  5
52
102
{ACAD_REACTORS
330
47
102
}
330
47
100
AcDbScale
 70
     0
300
1/2" = 1'-0"
140
0.5
141
12.0
290
     0
  0
SCALE
  5
53
102
{ACAD_REACTORS
330
47
102
}
330
47
100
AcDbScale
 70
     0
300
3/4" = 1'-0"
140
0.75
141
12.0
290
     0
  0
SCALE
  5
54
102
{ACAD_REACTORS
330
47
102
}
330
47
100
AcDbScale
 70
     0
300
1" = 1'-0"
140
1.0
141
12.0
290
     0
  0
SCALE
  5
55
102
{ACAD_REACTORS
330
47
102
}
330
47
100
AcDbScale
 70
     0
300
1-1/2" = 1'-0"
140
1.5
141
12.0
290
     0
  0
SCALE
  5
56
102
{ACAD_REACTORS
330
47
102
}
330
47
100
AcDbScale
 70
     0
300
3" = 1'-0"
140
3.0
141
12.0
290
     0
  0
SCALE
  5
57
102
{ACAD_REACTORS
330
47
102
}
330
47
100
AcDbScale
 70
     0
300
6" = 1'-0"
140
6.0
141
12.0
290
     0
  0
SCALE
  5
58
102
{ACAD_REACTORS
330
47
102
}
330
47
100
AcDbScale
 70
     0
300
1'-0" = 1'-0"
140
12.0
141
12.0
290
     0
  0
TABLESTYLE
  5
5A
102
{ACAD_REACTORS
330
59
102
}
102
{ACAD_XDICTIONARY
360
210
102
}
330
59
100
AcDbTableStyle
  3
Standard
 70
     0
 71
     0
 40
0.06
 41
0.06
280
     0
281
     0
  7
Standard
140
0.18
170
     2
 62
     0
 63
   257
283
     0
 90
        4
 91
        0
  1

274
    -2
284
     1
 64
     0
275
    -2
285
     1
 65
     0
276
    -2
286
     1
 66
     0
277
    -2
287
     1
 67
     0
278
    -2
288
     1
 68
     0
279
    -2
289
     1
 69
     0
  7
Standard
140
0.25
170
     5
 62
     0
 63
   257
283
     0
 90
        4
 91
        0
  1

274
    -2
284
     1
 64
     0
275
    -2
285
     1
 65
     0
276
    -2
286
     1
 66
     0
277
    -2
287
     1
 67
     0
278
    -2
288
     1
 68
     0
279
    -2
289
     1
 69
     0
  7
Standard
140
0.18
170
     5
 62
     0
 63
   257
283
     0
 90
        4
 91
        0
  1

274
    -2
284
     1
 64
     0
275
    -2
285
     1
 65
     0
276
    -2
286
     1
 66
     0
277
    -2
287
     1
 67
     0
278
    -2
288
     1
 68
     0
279
    -2
289
     1
 69
     0
  0
VISUALSTYLE
  5
2F
102
{ACAD_REACTORS
330
2A
102
}
330
2A
100
AcDbVisualStyle
  2
2dWireframe
 70
     4
177
     3
291
     0
 70
    58
 90
        0
176
     1
 90
        2
176
     1
 90
        0
176
     1
 90
        0
176
     1
 40
0.6
176
     1
 40
30.0
176
     1
 62
     7
420
 16777215
176
     1
 90
        1
176
     1
 90
        4
176
     1
 62
     7
176
     1
 62
   257
176
     1
 90
        1
176
     1
 90
        1
176
     1
 40
1.0
176
     1
 90
        0
176
     1
 62
   257
176
     1
 40
1.0
176
     1
 90
        1
176
     1
 90
        6
176
     1
 90
        2
176
     1
 62
     7
176
     1
 90
        5
176
     1
 90
        0
176
     1
 90
        0
176
     1
290
     0
176
     1
 90
        1
176
     1
 40
0.0
176
     1
 90
        0
176
     1
290
     1
176
     1
290
     1
176
     1
290
     0
176
     1
290
     0
176
     1
290
     0
176
     1
290
     0
176
     1
290
     0
176
     1
290
     0
176
     1
290
     0
176
     1
 90
       50
176
     1
 40
0.0
176
     1
 40
1.0
176
     1
 90
        0
176
     1
 62
    18
420
        0
176
     1
 90
       50
176
     1
 90
        3
176
     1
 62
     5
420
      255
176
     1
290
     0
176
     1
 90
       50
176
     1
 90
       50
176
     1
 90
       50
176
     1
290
     0
176
     1
 90
       50
176
     1
 62
   256
176
     0
 40
1.0
176
     0
 90
        2
176
     1
  1
strokes_ogs.tif
176
     1
290
     0
176
     1
 40
1.0
176
     1
 40
1.0
176
     1
  0
VISUALSTYLE
  5
32
102
{ACAD_REACTORS
330
2A
102
}
330
2A
100
AcDbVisualStyle
  2
Basic
 70
     7
177
     3
291
     1
 70
    58
 90
        1
176
     1
 90
        0
176
     1
 90
        1
176
     1
 90
        0
176
     1
 40
0.6
176
     1
 40
30.0
176
     1
 62
     7
420
 16777215
176
     1
 90
        0
176
     1
 90
        4
176
     1
 62
     7
176
     1
 62
   257
176
     1
 90
        1
176
     1
 90
        1
176
     1
 40
1.0
176
     1
 90
        8
176
     1
 62
     7
176
     1
 40
1.0
176
     1
 90
        1
176
     1
 90
        6
176
     1
 90
        2
176
     1
 62
     7
176
     1
 90
        5
176
     1
 90
        0
176
     1
 90
        0
176
     1
290
     0
176
     1
 90
        1
176
     1
 40
0.0
176
     1
 90
        0
176
     1
290
     0
176
     1
290
     1
176
     1
290
     1
176
     1
290
     0
176
     1
290
     0
176
     1
290
     0
176
     1
290
     0
176
     1
290
     0
176
     1
290
     0
176
     1
 90
       50
176
     1
 40
0.0
176
     1
 40
1.0
176
     1
 90
        0
176
     1
 62
    18
420
        0
176
     1
 90
       50
176
     1
 90
        3
176
     1
 62
     5
420
      255
176
     1
290
     0
176
     1
 90
       50
176
     1
 90
       50
176
     1
 90
       50
176
     1
290
     0
176
     1
 90
       50
176
     1
 62
   256
176
     0
 40
1.0
176
     0
 90
        2
176
     1
  1
strokes_ogs.tif
176
     1
290
     0
176
     1
 40
1.0
176
     1
 40
1.0
176
     1
  0
VISUALSTYLE
  5
36
102
{ACAD_REACTORS
330
2A
102
}
330
2A
100
AcDbVisualStyle
  2
Brighten
 70
    12
177
     3
291
     1
 70
    58
 90
        2
176
     1
 90
        2
176
     1
 90
        0
176
     1
 90
        0
176
     1
 40
0.6
176
     1
 40
30.0
176
     1
 62
     7
420
 16777215
176
     1
 90
        1
176
     1
 90
        4
176
     1
 62
     7
176
     1
 62
   257
176
     1
 90
        1
176
     1
 90
        1
176
     1
 40
1.0
176
     1
 90
        8
176
     1
 62
     7
176
     1
 40
1.0
176
     1
 90
        1
176
     1
 90
        6
176
     1
 90
        2
176
     1
 62
     7
176
     1
 90
        5
176
     1
 90
        0
176
     1
 90
        0
176
     1
290
     0
176
     1
 90
        1
176
     1
 40
50.0
176
     1
 90
        0
176
     1
290
     0
176
     1
290
     1
176
     1
290
     1
176
     1
290
     0
176
     1
290
     0
176
     1
290
     0
176
     1
290
     0
176
     1
290
     0
176
     1
290
     0
176
     1
 90
       50
176
     1
 40
0.0
176
     1
 40
1.0
176
     1
 90
        0
176
     1
 62
    18
420
        0
176
     1
 90
       50
176
     1
 90
        3
176
     1
 62
     5
420
      255
176
     1
290
     0
176
     1
 90
       50
176
     1
 90
       50
176
     1
 90
       50
176
     1
290
     0
176
     1
 90
       50
176
     1
 62
   256
176
     0
 40
1.0
176
     0
 90
        2
176
     1
  1
strokes_ogs.tif
176
     1
290
     0
176
     1
 40
1.0
176
     1
 40
1.0
176
     1
  0
VISUALSTYLE
  5
3A
102
{ACAD_REACTORS
330
2A
102
}
330
2A
100
AcDbVisualStyle
  2
ColorChange
 70
    16
177
     3
291
     1
 70
    58
 90
        2
176
     1
 90
        2
176
     1
 90
        3
176
     1
 90
        0
176
     1
 40
0.6
176
     1
 40
30.0
176
     1
 62
     8
420
  8421504
176
     1
 90
        1
176
     1
 90
        4
176
     1
 62
     7
176
     1
 62
   257
176
     1
 90
        1
176
     1
 90
        1
176
     1
 40
1.0
176
     1
 90
        8
176
     1
 62
     8
420
  8421504
176
     1
 40
1.0
176
     1
 90
        1
176
     1
 90
        6
176
     1
 90
        2
176
     1
 62
     7
176
     1
 90
        5
176
     1
 90
        0
176
     1
 90
        0
176
     1
290
     0
176
     1
 90
        1
176
     1
 40
0.0
176
     1
 90
        0
176
     1
290
     0
176
     1
290
     1
176
     1
290
     1
176
     1
290
     0
176
     1
290
     0
176
     1
290
     0
176
     1
290
     0
176
     1
290
     0
176
     1
290
     0
176
     1
 90
       50
176
     1
 40
0.0
176
     1
 40
1.0
176
     1
 90
        0
176
     1
 62
    18
420
        0
176
     1
 90
       50
176
     1
 90
        3
176
     1
 62
     5
420
      255
176
     1
290
     0
176
     1
 90
       50
176
     1
 90
       50
176
     1
 90
       50
176
     1
290
     0
176
     1
 90
       50
176
     1
 62
   256
176
     0
 40
1.0
176
     0
 90
        2
176
     1
  1
strokes_ogs.tif
176
     1
290
     0
176
     1
 40
1.0
176
     1
 40
1.0
176
     1
  0
VISUALSTYLE
  5
34
102
{ACAD_REACTORS
330
2A
102
}
330
2A
100
AcDbVisualStyle
  2
Conceptual
 70
     9
177
     3
291
     0
 70
    58
 90
        3
176
     1
 90
        2
176
     1
 90
        0
176
     1
 90
        0
176
     1
 40
0.6
176
     1
 40
30.0
176
     1
 62
     7
420
 16777215
176
     1
 90
        2
176
     1
 90
        2
176
     1
 62
     7
176
     1
 62
   257
176
     1
 90
        1
176
     1
 90
        1
176
     1
 40
179.0
176
     1
 90
        8
176
     1
 62
     7
176
     1
 40
1.0
176
     1
 90
        1
176
     1
 90
        6
176
     1
 90
        2
176
     1
 62
     7
176
     1
 90
        3
176
     1
 90
        0
176
     1
 90
        0
176
     1
290
     0
176
     1
 90
        1
176
     1
 40
0.0
176
     1
 90
        0
176
     1
290
     0
176
     1
290
     1
176
     1
290
     1
176
     1
290
     0
176
     1
290
     0
176
     1
290
     0
176
     1
290
     0
176
     1
290
     0
176
     1
290
     0
176
     1
 90
       50
176
     1
 40
0.0
176
     1
 40
1.0
176
     1
 90
        0
176
     1
 62
    18
420
        0
176
     1
 90
       50
176
     1
 90
        3
176
     1
 62
     5
420
      255
176
     1
290
     0
176
     1
 90
       50
176
     1
 90
       50
176
     1
 90
       50
176
     1
290
     0
176
     1
 90
       50
176
     1
 62
   256
176
     0
 40
1.0
176
     0
 90
        2
176
     1
  1
strokes_ogs.tif
176
     1
290
     0
176
     1
 40
1.0
176
     1
 40
1.0
176
     1
  0
VISUALSTYLE
  5
35
102
{ACAD_REACTORS
330
2A
102
}
330
2A
100
AcDbVisualStyle
  2
Dim
 70
    11
177
     3
291
     1
 70
    58
 90
        2
176
     1
 90
        2
176
     1
 90
        0
176
     1
 90
        0
176
     1
 40
0.6
176
     1
 40
30.0
176
     1
 62
     7
420
 16777215
176
     1
 90
        1
176
     1
 90
        4
176
     1
 62
     7
176
     1
 62
   257
176
     1
 90
        1
176
     1
 90
        1
176
     1
 40
1.0
176
     1
 90
        8
176
     1
 62
     7
176
     1
 40
1.0
176
     1
 90
        1
176
     1
 90
        6
176
     1
 90
        2
176
     1
 62
     7
176
     1
 90
        5
176
     1
 90
        0
176
     1
 90
        0
176
     1
290
     0
176
     1
 90
        1
176
     1
 40
-50.0
176
     1
 90
        0
176
     1
290
     0
176
     1
290
     1
176
     1
290
     1
176
     1
290
     0
176
     1
290
     0
176
     1
290
     0
176
     1
290
     0
176
     1
290
     0
176
     1
290
     0
176
     1
 90
       50
176
     1
 40
0.0
176
     1
 40
1.0
176
     1
 90
        0
176
     1
 62
    18
420
        0
176
     1
 90
       50
176
     1
 90
        3
176
     1
 62
     5
420
      255
176
     1
290
     0
176
     1
 90
       50
176
     1
 90
       50
176
     1
 90
       50
176
     1
290
     0
176
     1
 90
       50
176
     1
 62
   256
176
     0
 40
1.0
176
     0
 90
        2
176
     1
  1
strokes_ogs.tif
176
     1
290
     0
176
     1
 40
1.0
176
     1
 40
1.0
176
     1
  0
VISUALSTYLE
  5
3D
102
{ACAD_REACTORS
330
2A
102
}
330
2A
100
AcDbVisualStyle
  2
EdgeColorOff
 70
    22
177
     3
291
     1
 70
    58
 90
        2
176
     0
 90
        2
176
     0
 90
        0
176
     0
 90
        0
176
     0
 40
0.6
176
     0
 40
30.0
176
     0
 62
     7
420
 16777215
176
     0
 90
        1
176
     0
 90
        4
176
     0
 62
     7
176
     0
 62
   257
176
     0
 90
        1
176
     0
 90
        1
176
     0
 40
1.0
176
     0
 90
        8
176
     2
 62
     7
176
     0
 40
1.0
176
     0
 90
        1
176
     0
 90
        6
176
     0
 90
        2
176
     0
 62
     7
176
     0
 90
        5
176
     0
 90
        0
176
     0
 90
        0
176
     0
290
     0
176
     0
 90
        1
176
     0
 40
0.0
176
     0
 90
        0
176
     0
290
     0
176
     0
290
     1
176
     0
290
     1
176
     0
290
     0
176
     0
290
     0
176
     0
290
     0
176
     0
290
     0
176
     0
290
     0
176
     0
290
     0
176
     0
 90
       50
176
     0
 40
0.0
176
     0
 40
1.0
176
     0
 90
        0
176
     0
 62
    18
420
        0
176
     0
 90
       50
176
     0
 90
        3
176
     0
 62
     5
420
      255
176
     0
290
     0
176
     0
 90
       50
176
     0
 90
       50
176
     0
 90
       50
176
     0
290
     0
176
     0
 90
       50
176
     0
 62
   256
176
     0
 40
1.0
176
     0
 90
        2
176
     0
  1
strokes_ogs.tif
176
     0
290
     0
176
     0
 40
1.0
176
     0
 40
1.0
176
     0
  0
VISUALSTYLE
  5
39
102
{ACAD_REACTORS
330
2A
102
}
330
2A
100
AcDbVisualStyle
  2
Facepattern
 70
    15
177
     3
291
     1
 70
    58
 90
        2
176
     1
 90
        2
176
     1
 90
        0
176
     1
 90
        0
176
     1
 40
0.6
176
     1
 40
30.0
176
     1
 62
     7
420
 16777215
176
     1
 90
        1
176
     1
 90
        4
176
     1
 62
     7
176
     1
 62
   257
176
     1
 90
        1
176
     1
 90
        1
176
     1
 40
1.0
176
     1
 90
        8
176
     1
 62
     7
176
     1
 40
1.0
176
     1
 90
        1
176
     1
 90
        6
176
     1
 90
        2
176
     1
 62
     7
176
     1
 90
        5
176
     1
 90
        0
176
     1
 90
        0
176
     1
290
     0
176
     1
 90
        1
176
     1
 40
0.0
176
     1
 90
        0
176
     1
290
     0
176
     1
290
     1
176
     1
290
     1
176
     1
290
     0
176
     1
290
     0
176
     1
290
     0
176
     1
290
     0
176
     1
290
     0
176
     1
290
     0
176
     1
 90
       50
176
     1
 40
0.0
176
     1
 40
1.0
176
     1
 90
        0
176
     1
 62
    18
420
        0
176
     1
 90
       50
176
     1
 90
        3
176
     1
 62
     5
420
      255
176
     1
290
     0
176
     1
 90
       50
176
     1
 90
       50
176
     1
 90
       50
176
     1
290
     0
176
     1
 90
       50
176
     1
 62
   256
176
     0
 40
1.0
176
     0
 90
        2
176
     1
  1
strokes_ogs.tif
176
     1
290
     0
176
     1
 40
1.0
176
     1
 40
1.0
176
     1
  0
VISUALSTYLE
  5
2B
102
{ACAD_REACTORS
330
2A
102
}
330
2A
100
AcDbVisualStyle
  2
Flat
 70
     0
177
     3
291
     1
 70
    58
 90
        2
176
     1
 90
        1
176
     1
 90
        1
176
     1
 90
        2
176
     1
 40
0.6
176
     1
 40
30.0
176
     1
 62
     7
420
 16777215
176
     1
 90
        0
176
     1
 90
        0
176
     1
 62
     7
176
     1
 62
   257
176
     1
 90
        1
176
     1
 90
        1
176
     1
 40
1.0
176
     1
 90
        8
176
     1
 62
     7
176
     1
 40
1.0
176
     1
 90
        1
176
     1
 90
        6
176
     1
 90
        2
176
     1
 62
     7
176
     1
 90
        5
176
     1
 90
        0
176
     1
 90
        0
176
     1
290
     0
176
     1
 90
       13
176
     1
 40
0.0
176
     1
 90
        0
176
     1
290
     0
176
     1
290
     1
176
     1
290
     1
176
     1
290
     0
176
     1
290
     0
176
     1
290
     0
176
     1
290
     0
176
     1
290
     0
176
     1
290
     0
176
     1
 90
       50
176
     1
 40
0.0
176
     1
 40
1.0
176
     1
 90
        0
176
     1
 62
    18
420
        0
176
     1
 90
       50
176
     1
 90
        3
176
     1
 62
     5
420
      255
176
     1
290
     0
176
     1
 90
       50
176
     1
 90
       50
176
     1
 90
       50
176
     1
290
     0
176
     1
 90
       50
176
     1
 62
   256
176
     0
 40
1.0
176
     0
 90
        2
176
     1
  1
strokes_ogs.tif
176
     1
290
     0
176
     1
 40
1.0
176
     1
 40
1.0
176
     1
  0
VISUALSTYLE
  5
2C
102
{ACAD_REACTORS
330
2A
102
}
330
2A
100
AcDbVisualStyle
  2
FlatWithEdges
 70
     1
177
     3
291
     1
 70
    58
 90
        2
176
     1
 90
        1
176
     1
 90
        1
176
     1
 90
        2
176
     1
 40
0.6
176
     1
 40
30.0
176
     1
 62
     7
420
 16777215
176
     1
 90
        1
176
     1
 90
        0
176
     1
 62
     7
176
     1
 62
   257
176
     1
 90
        1
176
     1
 90
        1
176
     1
 40
1.0
176
     1
 90
        0
176
     1
 62
   257
176
     1
 40
1.0
176
     1
 90
        1
176
     1
 90
        6
176
     1
 90
        2
176
     1
 62
     7
176
     1
 90
        5
176
     1
 90
        0
176
     1
 90
        0
176
     1
290
     0
176
     1
 90
       13
176
     1
 40
0.0
176
     1
 90
        0
176
     1
290
     0
176
     1
290
     1
176
     1
290
     1
176
     1
290
     0
176
     1
290
     0
176
     1
290
     0
176
     1
290
     0
176
     1
290
     0
176
     1
290
     0
176
     1
 90
       50
176
     1
 40
0.0
176
     1
 40
1.0
176
     1
 90
        0
176
     1
 62
    18
420
        0
176
     1
 90
       50
176
     1
 90
        3
176
     1
 62
     5
420
      255
176
     1
290
     0
176
     1
 90
       50
176
     1
 90
       50
176
     1
 90
       50
176
     1
290
     0
176
     1
 90
       50
176
     1
 62
   256
176
     0
 40
1.0
176
     0
 90
        2
176
     1
  1
strokes_ogs.tif
176
     1
290
     0
176
     1
 40
1.0
176
     1
 40
1.0
176
     1
  0
VISUALSTYLE
  5
2D
102
{ACAD_REACTORS
330
2A
102
}
330
2A
100
AcDbVisualStyle
  2
Gouraud
 70
     2
177
     3
291
     1
 70
    58
 90
        2
176
     1
 90
        2
176
     1
 90
        1
176
     1
 90
        2
176
     1
 40
0.6
176
     1
 40
30.0
176
     1
 62
     7
420
 16777215
176
     1
 90
        0
176
     1
 90
        0
176
     1
 62
     7
176
     1
 62
   257
176
     1
 90
        1
176
     1
 90
        1
176
     1
 40
1.0
176
     1
 90
        0
176
     1
 62
     7
176
     1
 40
1.0
176
     1
 90
        1
176
     1
 90
        6
176
     1
 90
        2
176
     1
 62
     7
176
     1
 90
        5
176
     1
 90
        0
176
     1
 90
        0
176
     1
290
     0
176
     1
 90
       13
176
     1
 40
0.0
176
     1
 90
        0
176
     1
290
     0
176
     1
290
     1
176
     1
290
     1
176
     1
290
     0
176
     1
290
     0
176
     1
290
     0
176
     1
290
     0
176
     1
290
     0
176
     1
290
     0
176
     1
 90
       50
176
     1
 40
0.0
176
     1
 40
1.0
176
     1
 90
        0
176
     1
 62
    18
420
        0
176
     1
 90
       50
176
     1
 90
        3
176
     1
 62
     5
420
      255
176
     1
290
     0
176
     1
 90
       50
176
     1
 90
       50
176
     1
 90
       50
176
     1
290
     0
176
     1
 90
       50
176
     1
 62
   256
176
     0
 40
1.0
176
     0
 90
        2
176
     1
  1
strokes_ogs.tif
176
     1
290
     0
176
     1
 40
1.0
176
     1
 40
1.0
176
     1
  0
VISUALSTYLE
  5
2E
102
{ACAD_REACTORS
330
2A
102
}
330
2A
100
AcDbVisualStyle
  2
GouraudWithEdges
 70
     3
177
     3
291
     1
 70
    58
 90
        2
176
     1
 90
        2
176
     1
 90
        1
176
     1
 90
        2
176
     1
 40
0.6
176
     1
 40
30.0
176
     1
 62
     7
420
 16777215
176
     1
 90
        1
176
     1
 90
        0
176
     1
 62
     7
176
     1
 62
   257
176
     1
 90
        1
176
     1
 90
        1
176
     1
 40
1.0
176
     1
 90
        0
176
     1
 62
   257
176
     1
 40
1.0
176
     1
 90
        1
176
     1
 90
        6
176
     1
 90
        2
176
     1
 62
     7
176
     1
 90
        5
176
     1
 90
        0
176
     1
 90
        0
176
     1
290
     0
176
     1
 90
       13
176
     1
 40
0.0
176
     1
 90
        0
176
     1
290
     0
176
     1
290
     1
176
     1
290
     1
176
     1
290
     0
176
     1
290
     0
176
     1
290
     0
176
     1
290
     0
176
     1
290
     0
176
     1
290
     0
176
     1
 90
       50
176
     1
 40
0.0
176
     1
 40
1.0
176
     1
 90
        0
176
     1
 62
    18
420
        0
176
     1
 90
       50
176
     1
 90
        3
176
     1
 62
     5
420
      255
176
     1
290
     0
176
     1
 90
       50
176
     1
 90
       50
176
     1
 90
       50
176
     1
290
     0
176
     1
 90
       50
176
     1
 62
   256
176
     0
 40
1.0
176
     0
 90
        2
176
     1
  1
strokes_ogs.tif
176
     1
290
     0
176
     1
 40
1.0
176
     1
 40
1.0
176
     1
  0
VISUALSTYLE
  5
31
102
{ACAD_REACTORS
330
2A
102
}
330
2A
100
AcDbVisualStyle
  2
Hidden
 70
     6
177
     3
291
     0
 70
    58
 90
        1
176
     1
 90
        2
176
     1
 90
        2
176
     1
 90
        0
176
     1
 40
0.6
176
     1
 40
30.0
176
     1
 62
     7
420
 16777215
176
     1
 90
        2
176
     1
 90
        2
176
     1
 62
     7
176
     1
 62
   257
176
     1
 90
        2
176
     1
 90
        1
176
     1
 40
40.0
176
     1
 90
        0
176
     1
 62
   257
176
     1
 40
1.0
176
     1
 90
        1
176
     1
 90
        6
176
     1
 90
        2
176
     1
 62
     7
176
     1
 90
        3
176
     1
 90
        0
176
     1
 90
        0
176
     1
290
     0
176
     1
 90
        1
176
     1
 40
0.0
176
     1
 90
        0
176
     1
290
     0
176
     1
290
     1
176
     1
290
     1
176
     1
290
     0
176
     1
290
     0
176
     1
290
     0
176
     1
290
     0
176
     1
290
     0
176
     1
290
     0
176
     1
 90
       50
176
     1
 40
0.0
176
     1
 40
1.0
176
     1
 90
        0
176
     1
 62
    18
420
        0
176
     1
 90
       50
176
     1
 90
        3
176
     1
 62
     5
420
      255
176
     1
290
     0
176
     1
 90
       50
176
     1
 90
       50
176
     1
 90
       50
176
     1
290
     0
176
     1
 90
       50
176
     1
 62
   256
176
     0
 40
1.0
176
     0
 90
        2
176
     1
  1
strokes_ogs.tif
176
     1
290
     0
176
     1
 40
1.0
176
     1
 40
1.0
176
     1
  0
VISUALSTYLE
  5
3B
102
{ACAD_REACTORS
330
2A
102
}
330
2A
100
AcDbVisualStyle
  2
JitterOff
 70
    20
177
     3
291
     1
 70
    58
 90
        2
176
     0
 90
        2
176
     0
 90
        0
176
     0
 90
        0
176
     0
 40
0.6
176
     0
 40
30.0
176
     0
 62
     7
420
 16777215
176
     0
 90
        1
176
     0
 90
        4
176
     0
 62
     7
176
     0
 62
   257
176
     0
 90
        1
176
     0
 90
        1
176
     0
 40
1.0
176
     0
 90
       10
176
     2
 62
     7
176
     0
 40
1.0
176
     0
 90
        1
176
     0
 90
        6
176
     0
 90
        2
176
     0
 62
     7
176
     0
 90
        5
176
     0
 90
        0
176
     0
 90
        0
176
     0
290
     0
176
     0
 90
        1
176
     0
 40
0.0
176
     0
 90
        0
176
     0
290
     0
176
     0
290
     1
176
     0
290
     1
176
     0
290
     0
176
     0
290
     0
176
     0
290
     0
176
     0
290
     0
176
     0
290
     0
176
     0
290
     0
176
     0
 90
       50
176
     0
 40
0.0
176
     0
 40
1.0
176
     0
 90
        0
176
     0
 62
    18
420
        0
176
     0
 90
       50
176
     0
 90
        3
176
     0
 62
     5
420
      255
176
     0
290
     0
176
     0
 90
       50
176
     0
 90
       50
176
     0
 90
       50
176
     0
290
     0
176
     0
 90
       50
176
     0
 62
   256
176
     0
 40
1.0
176
     0
 90
        2
176
     0
  1
strokes_ogs.tif
176
     0
290
     0
176
     0
 40
1.0
176
     0
 40
1.0
176
     0
  0
VISUALSTYLE
  5
38
102
{ACAD_REACTORS
330
2A
102
}
330
2A
100
AcDbVisualStyle
  2
Linepattern
 70
    14
177
     3
291
     1
 70
    58
 90
        2
176
     1
 90
        2
176
     1
 90
        0
176
     1
 90
        0
176
     1
 40
0.6
176
     1
 40
30.0
176
     1
 62
     7
420
 16777215
176
     1
 90
        1
176
     1
 90
        4
176
     1
 62
     7
176
     1
 62
   257
176
     1
 90
        7
176
     1
 90
        7
176
     1
 40
1.0
176
     1
 90
        8
176
     1
 62
     7
176
     1
 40
1.0
176
     1
 90
        1
176
     1
 90
        6
176
     1
 90
        2
176
     1
 62
     7
176
     1
 90
        5
176
     1
 90
        0
176
     1
 90
        0
176
     1
290
     0
176
     1
 90
        1
176
     1
 40
0.0
176
     1
 90
        0
176
     1
290
     0
176
     1
290
     1
176
     1
290
     1
176
     1
290
     0
176
     1
290
     0
176
     1
290
     0
176
     1
290
     0
176
     1
290
     0
176
     1
290
     0
176
     1
 90
       50
176
     1
 40
0.0
176
     1
 40
1.0
176
     1
 90
        0
176
     1
 62
    18
420
        0
176
     1
 90
       50
176
     1
 90
        3
176
     1
 62
     5
420
      255
176
     1
290
     0
176
     1
 90
       50
176
     1
 90
       50
176
     1
 90
       50
176
     1
290
     0
176
     1
 90
       50
176
     1
 62
   256
176
     0
 40
1.0
176
     0
 90
        2
176
     1
  1
strokes_ogs.tif
176
     1
290
     0
176
     1
 40
1.0
176
     1
 40
1.0
176
     1
  0
VISUALSTYLE
  5
3C
102
{ACAD_REACTORS
330
2A
102
}
330
2A
100
AcDbVisualStyle
  2
OverhangOff
 70
    21
177
     3
291
     1
 70
    58
 90
        2
176
     0
 90
        2
176
     0
 90
        0
176
     0
 90
        0
176
     0
 40
0.6
176
     0
 40
30.0
176
     0
 62
     7
420
 16777215
176
     0
 90
        1
176
     0
 90
        4
176
     0
 62
     7
176
     0
 62
   257
176
     0
 90
        1
176
     0
 90
        1
176
     0
 40
1.0
176
     0
 90
        9
176
     2
 62
     7
176
     0
 40
1.0
176
     0
 90
        1
176
     0
 90
        6
176
     0
 90
        2
176
     0
 62
     7
176
     0
 90
        5
176
     0
 90
        0
176
     0
 90
        0
176
     0
290
     0
176
     0
 90
        1
176
     0
 40
0.0
176
     0
 90
        0
176
     0
290
     0
176
     0
290
     1
176
     0
290
     1
176
     0
290
     0
176
     0
290
     0
176
     0
290
     0
176
     0
290
     0
176
     0
290
     0
176
     0
290
     0
176
     0
 90
       50
176
     0
 40
0.0
176
     0
 40
1.0
176
     0
 90
        0
176
     0
 62
    18
420
        0
176
     0
 90
       50
176
     0
 90
        3
176
     0
 62
     5
420
      255
176
     0
290
     0
176
     0
 90
       50
176
     0
 90
       50
176
     0
 90
       50
176
     0
290
     0
176
     0
 90
       50
176
     0
 62
   256
176
     0
 40
1.0
176
     0
 90
        2
176
     0
  1
strokes_ogs.tif
176
     0
290
     0
176
     0
 40
1.0
176
     0
 40
1.0
176
     0
  0
VISUALSTYLE
  5
33
102
{ACAD_REACTORS
330
2A
102
}
330
2A
100
AcDbVisualStyle
  2
Realistic
 70
     8
177
     3
291
     0
 70
    58
 90
        2
176
     1
 90
        3
176
     1
 90
        0
176
     1
 90
        2
176
     1
 40
0.6
176
     1
 40
30.0
176
     1
 62
     7
420
 16777215
176
     1
 90
        0
176
     1
 90
        0
176
     1
 62
     7
176
     1
 62
   257
176
     1
 90
        1
176
     1
 90
        1
176
     1
 40
1.0
176
     1
 90
        8
176
     1
 62
   257
176
     1
 40
1.0
176
     1
 90
        1
176
     1
 90
        6
176
     1
 90
        2
176
     1
 62
     7
176
     1
 90
        3
176
     1
 90
        0
176
     1
 90
        0
176
     1
290
     0
176
     1
 90
       13
176
     1
 40
0.0
176
     1
 90
        0
176
     1
290
     0
176
     1
290
     1
176
     1
290
     1
176
     1
290
     0
176
     1
290
     0
176
     1
290
     0
176
     1
290
     0
176
     1
290
     0
176
     1
290
     0
176
     1
 90
       50
176
     1
 40
0.0
176
     1
 40
1.0
176
     1
 90
        0
176
     1
 62
    18
420
        0
176
     1
 90
       50
176
     1
 90
        3
176
     1
 62
     5
420
      255
176
     1
290
     0
176
     1
 90
       50
176
     1
 90
       50
176
     1
 90
       50
176
     1
290
     0
176
     1
 90
       50
176
     1
 62
   256
176
     0
 40
1.0
176
     0
 90
        2
176
     1
  1
strokes_ogs.tif
176
     1
290
     0
176
     1
 40
1.0
176
     1
 40
1.0
176
     1
  0
VISUALSTYLE
  5
42
102
{ACAD_REACTORS
330
2A
102
}
330
2A
100
AcDbVisualStyle
  2
Shaded
 70
    27
177
     3
291
     0
 70
    58
 90
        2
176
     1
 90
        2
176
     1
 90
        1
176
     1
 90
        2
176
     1
 40
0.6
176
     1
 40
30.0
176
     1
 62
     7
420
 16777215
176
     1
 90
        0
176
     1
 90
        4
176
     1
 62
     7
176
     1
 62
   257
176
     1
 90
        1
176
     1
 90
        1
176
     1
 40
1.0
176
     1
 90
        8
176
     1
 62
   257
176
     1
 40
1.0
176
     1
 90
        1
176
     1
 90
        6
176
     1
 90
        2
176
     1
 62
     8
420
  7895160
176
     1
 90
        3
176
     1
 90
        0
176
     1
 90
        0
176
     1
290
     0
176
     1
 90
        5
176
     1
 40
0.0
176
     1
 90
        0
176
     1
290
     0
176
     1
290
     1
176
     1
290
     1
176
     1
290
     0
176
     1
290
     0
176
     1
290
     0
176
     1
290
     0
176
     1
290
     0
176
     1
290
     0
176
     1
 90
       50
176
     1
 40
0.0
176
     1
 40
1.0
176
     1
 90
        0
176
     1
 62
    18
420
        0
176
     1
 90
       50
176
     1
 90
        3
176
     1
 62
     5
420
      255
176
     1
290
     0
176
     1
 90
       50
176
     1
 90
       50
176
     1
 90
       50
176
     1
290
     0
176
     1
 90
       50
176
     1
 62
   256
176
     0
 40
1.0
176
     0
 90
        2
176
     1
  1
strokes_ogs.tif
176
     1
290
     0
176
     1
 40
1.0
176
     1
 40
1.0
176
     1
  0
VISUALSTYLE
  5
41
102
{ACAD_REACTORS
330
2A
102
}
330
2A
100
AcDbVisualStyle
  2
Shaded with edges
 70
    26
177
     3
291
     0
 70
    58
 90
        2
176
     1
 90
        2
176
     1
 90
        1
176
     1
 90
        2
176
     1
 40
0.6
176
     1
 40
30.0
176
     1
 62
     7
420
 16777215
176
     1
 90
        1
176
     1
 90
       10
176
     1
 62
     7
176
     1
 62
   257
176
     1
 90
        2
176
     1
 90
        1
176
     1
 40
1.0
176
     1
 90
        8
176
     1
 62
   257
176
     1
 40
1.0
176
     1
 90
        1
176
     1
 90
        6
176
     1
 90
        2
176
     1
 62
     7
176
     1
 90
        3
176
     1
 90
        0
176
     1
 90
        0
176
     1
290
     0
176
     1
 90
        5
176
     1
 40
0.0
176
     1
 90
        0
176
     1
290
     0
176
     1
290
     1
176
     1
290
     1
176
     1
290
     0
176
     1
290
     0
176
     1
290
     0
176
     1
290
     0
176
     1
290
     0
176
     1
290
     0
176
     1
 90
       50
176
     1
 40
0.0
176
     1
 40
1.0
176
     1
 90
        0
176
     1
 62
    18
420
        0
176
     1
 90
       50
176
     1
 90
        3
176
     1
 62
     5
420
      255
176
     1
290
     0
176
     1
 90
       50
176
     1
 90
       50
176
     1
 90
       50
176
     1
290
     0
176
     1
 90
       50
176
     1
 62
   256
176
     0
 40
1.0
176
     0
 90
        2
176
     1
  1
strokes_ogs.tif
176
     1
290
     0
176
     1
 40
1.0
176
     1
 40
1.0
176
     1
  0
VISUALSTYLE
  5
3E
102
{ACAD_REACTORS
330
2A
102
}
330
2A
100
AcDbVisualStyle
  2
Shades of Gray
 70
    23
177
     3
291
     0
 70
    58
 90
        2
176
     1
 90
        2
176
     1
 90
        3
176
     1
 90
        0
176
     1
 40
0.6
176
     1
 40
30.0
176
     1
 62
     7
420
 16777215
176
     1
 90
        2
176
     1
 90
        2
176
     1
 62
     7
176
     1
 62
     7
176
     1
 90
        1
176
     1
 90
        1
176
     1
 40
40.0
176
     1
 90
        8
176
     1
 62
     7
176
     1
 40
1.0
176
     1
 90
        1
176
     1
 90
        6
176
     1
 90
        2
176
     1
 62
     7
176
     1
 90
        3
176
     1
 90
        0
176
     1
 90
        0
176
     1
290
     0
176
     1
 90
        1
176
     1
 40
0.0
176
     1
 90
        0
176
     1
290
     0
176
     1
290
     1
176
     1
290
     1
176
     1
290
     0
176
     1
290
     0
176
     1
290
     0
176
     1
290
     0
176
     1
290
     0
176
     1
290
     0
176
     1
 90
       50
176
     1
 40
0.0
176
     1
 40
1.0
176
     1
 90
        0
176
     1
 62
    18
420
        0
176
     1
 90
       50
176
     1
 90
        3
176
     1
 62
     5
420
      255
176
     1
290
     0
176
     1
 90
       50
176
     1
 90
       50
176
     1
 90
       50
176
     1
290
     0
176
     1
 90
       50
176
     1
 62
   256
176
     0
 40
1.0
176
     0
 90
        2
176
     1
  1
strokes_ogs.tif
176
     1
290
     0
176
     1
 40
1.0
176
     1
 40
1.0
176
     1
  0
VISUALSTYLE
  5
3F
102
{ACAD_REACTORS
330
2A
102
}
330
2A
100
AcDbVisualStyle
  2
Sketchy
 70
    24
177
     3
291
     0
 70
    58
 90
        1
176
     1
 90
        2
176
     1
 90
        2
176
     1
 90
        0
176
     1
 40
0.6
176
     1
 40
30.0
176
     1
 62
     7
420
 16777215
176
     1
 90
        2
176
     1
 90
        2
176
     1
 62
     7
176
     1
 62
     7
176
     1
 90
        1
176
     1
 90
        1
176
     1
 40
40.0
176
     1
 90
       11
176
     1
 62
     7
176
     1
 40
1.0
176
     1
 90
        1
176
     1
 90
        6
176
     1
 90
        2
176
     1
 62
     7
176
     1
 90
        6
176
     1
 90
        0
176
     1
 90
        0
176
     1
290
     0
176
     1
 90
        1
176
     1
 40
0.0
176
     1
 90
        0
176
     1
290
     0
176
     1
290
     1
176
     1
290
     1
176
     1
290
     0
176
     1
290
     0
176
     1
290
     0
176
     1
290
     0
176
     1
290
     0
176
     1
290
     0
176
     1
 90
       50
176
     1
 40
0.0
176
     1
 40
1.0
176
     1
 90
        0
176
     1
 62
    18
420
        0
176
     1
 90
       50
176
     1
 90
        3
176
     1
 62
     5
420
      255
176
     1
290
     0
176
     1
 90
       50
176
     1
 90
       50
176
     1
 90
       50
176
     1
290
     0
176
     1
 90
       50
176
     1
 62
   256
176
     0
 40
1.0
176
     0
 90
        2
176
     1
  1
strokes_ogs.tif
176
     1
290
     0
176
     1
 40
1.0
176
     1
 40
1.0
176
     1
  0
VISUALSTYLE
  5
37
102
{ACAD_REACTORS
330
2A
102
}
330
2A
100
AcDbVisualStyle
  2
Thicken
 70
    13
177
     3
291
     1
 70
    58
 90
        2
176
     1
 90
        2
176
     1
 90
        0
176
     1
 90
        0
176
     1
 40
0.6
176
     1
 40
30.0
176
     1
 62
     7
420
 16777215
176
     1
 90
        1
176
     1
 90
        4
176
     1
 62
     7
176
     1
 62
   257
176
     1
 90
        1
176
     1
 90
        1
176
     1
 40
1.0
176
     1
 90
       12
176
     1
 62
     7
176
     1
 40
1.0
176
     1
 90
        1
176
     1
 90
        6
176
     1
 90
        2
176
     1
 62
     7
176
     1
 90
        5
176
     1
 90
        0
176
     1
 90
        0
176
     1
290
     0
176
     1
 90
        1
176
     1
 40
0.0
176
     1
 90
        0
176
     1
290
     0
176
     1
290
     1
176
     1
290
     1
176
     1
290
     0
176
     1
290
     0
176
     1
290
     0
176
     1
290
     0
176
     1
290
     0
176
     1
290
     0
176
     1
 90
       50
176
     1
 40
0.0
176
     1
 40
1.0
176
     1
 90
        0
176
     1
 62
    18
420
        0
176
     1
 90
       50
176
     1
 90
        3
176
     1
 62
     5
420
      255
176
     1
290
     0
176
     1
 90
       50
176
     1
 90
       50
176
     1
 90
       50
176
     1
290
     0
176
     1
 90
       50
176
     1
 62
   256
176
     0
 40
1.0
176
     0
 90
        2
176
     1
  1
strokes_ogs.tif
176
     1
290
     0
176
     1
 40
1.0
176
     1
 40
1.0
176
     1
  0
VISUALSTYLE
  5
30
102
{ACAD_REACTORS
330
2A
102
}
330
2A
100
AcDbVisualStyle
  2
Wireframe
 70
     5
177
     3
291
     0
 70
    58
 90
        0
176
     1
 90
        2
176
     1
 90
        0
176
     1
 90
        0
176
     1
 40
0.6
176
     1
 40
30.0
176
     1
 62
     7
420
 16777215
176
     1
 90
        1
176
     1
 90
        4
176
     1
 62
     7
176
     1
 62
   257
176
     1
 90
        1
176
     1
 90
        1
176
     1
 40
1.0
176
     1
 90
        0
176
     1
 62
   257
176
     1
 40
1.0
176
     1
 90
        1
176
     1
 90
        6
176
     1
 90
        2
176
     1
 62
     7
176
     1
 90
        3
176
     1
 90
        0
176
     1
 90
        0
176
     1
290
     0
176
     1
 90
        1
176
     1
 40
0.0
176
     1
 90
        0
176
     1
290
     0
176
     1
290
     1
176
     1
290
     1
176
     1
290
     0
176
     1
290
     0
176
     1
290
     0
176
     1
290
     0
176
     1
290
     0
176
     1
290
     0
176
     1
 90
       50
176
     1
 40
0.0
176
     1
 40
1.0
176
     1
 90
        0
176
     1
 62
    18
420
        0
176
     1
 90
       50
176
     1
 90
        3
176
     1
 62
     5
420
      255
176
     1
290
     0
176
     1
 90
       50
176
     1
 90
       50
176
     1
 90
       50
176
     1
290
     0
176
     1
 90
       50
176
     1
 62
   256
176
     0
 40
1.0
176
     0
 90
        2
176
     1
  1
strokes_ogs.tif
176
     1
290
     0
176
     1
 40
1.0
176
     1
 40
1.0
176
     1
  0
VISUALSTYLE
  5
40
102
{ACAD_REACTORS
330
2A
102
}
330
2A
100
AcDbVisualStyle
  2
X-Ray
 70
    25
177
     3
291
     0
 70
    58
 90
        2
176
     1
 90
        2
176
     1
 90
        1
176
     1
 90
        1
176
     1
 40
0.5
176
     1
 40
30.0
176
     1
 62
     7
420
 16777215
176
     1
 90
        1
176
     1
 90
        0
176
     1
 62
     7
176
     1
 62
   257
176
     1
 90
        1
176
     1
 90
        1
176
     1
 40
1.0
176
     1
 90
        8
176
     1
 62
     7
176
     1
 40
1.0
176
     1
 90
        1
176
     1
 90
        6
176
     1
 90
        2
176
     1
 62
     7
176
     1
 90
        3
176
     1
 90
        0
176
     1
 90
        0
176
     1
290
     0
176
     1
 90
       13
176
     1
 40
0.0
176
     1
 90
        0
176
     1
290
     0
176
     1
290
     1
176
     1
290
     1
176
     1
290
     0
176
     1
290
     0
176
     1
290
     0
176
     1
290
     0
176
     1
290
     0
176
     1
290
     0
176
     1
 90
       50
176
     1
 40
0.0
176
     1
 40
1.0
176
     1
 90
        0
176
     1
 62
    18
420
        0
176
     1
 90
       50
176
     1
 90
        3
176
     1
 62
     5
420
      255
176
     1
290
     0
176
     1
 90
       50
176
     1
 90
       50
176
     1
 90
       50
176
     1
290
     0
176
     1
 90
       50
176
     1
 62
   256
176
     0
 40
1.0
176
     0
 90
        2
176
     1
  1
strokes_ogs.tif
176
     1
290
     0
176
     1
 40
1.0
176
     1
 40
1.0
176
     1
  0
DICTIONARYVAR
  5
20F
102
{ACAD_REACTORS
330
20E
102
}
330
20E
100
DictionaryVariables
280
     0
  1
1:1
  0
DICTIONARYVAR
  5
214
102
{ACAD_REACTORS
330
20E
102
}
330
20E
100
DictionaryVariables
280
     0
  1
Standard
  0
DICTIONARYVAR
  5
213
102
{ACAD_REACTORS
330
20E
102
}
330
20E
100
DictionaryVariables
280
     0
  1
Standard
  0
DICTIONARY
  5
210
330
5A
100
AcDbDictionary
280
     1
281
     1
  3
ACAD_ROUNDTRIP_2008_TABLESTYLE_CELLSTYLEMAP
360
211
  0
CELLSTYLEMAP
  5
211
102
{ACAD_REACTORS
330
210
102
}
330
210
100
AcDbCellStyleMap
 90
        3
300
CELLSTYLE
  1
TABLEFORMAT_BEGIN
 90
        5
170
     1
 91
        0
 92
    32768
 62
   257
 93
        1
300
CONTENTFORMAT
  1
CONTENTFORMAT_BEGIN
 90
        0
 91
        0
 92
        4
 93
        0
300

 40
0.0
140
1.0
 94
        5
 62
     0
340
11
144
0.25
309
CONTENTFORMAT_END
171
     1
301
MARGIN
  1
CELLMARGIN_BEGIN
 40
0.06
 40
0.06
 40
0.06
 40
0.06
 40
0.06
 40
0.06
309
CELLMARGIN_END
 94
        6
 95
        1
302
GRIDFORMAT
  1
GRIDFORMAT_BEGIN
 90
        0
 91
        1
 62
     0
 92
       -2
340
14
 93
        0
 40
0.045
309
GRIDFORMAT_END
 95
        2
302
GRIDFORMAT
  1
GRIDFORMAT_BEGIN
 90
        0
 91
        1
 62
     0
 92
       -2
340
14
 93
        0
 40
0.045
309
GRIDFORMAT_END
 95
        4
302
GRIDFORMAT
  1
GRIDFORMAT_BEGIN
 90
        0
 91
        1
 62
     0
 92
       -2
340
14
 93
        0
 40
0.045
309
GRIDFORMAT_END
 95
        8
302
GRIDFORMAT
  1
GRIDFORMAT_BEGIN
 90
        0
 91
        1
 62
     0
 92
       -2
340
14
 93
        0
 40
0.045
309
GRIDFORMAT_END
 95
       16
302
GRIDFORMAT
  1
GRIDFORMAT_BEGIN
 90
        0
 91
        1
 62
     0
 92
       -2
340
14
 93
        0
 40
0.045
309
GRIDFORMAT_END
 95
       32
302
GRIDFORMAT
  1
GRIDFORMAT_BEGIN
 90
        0
 91
        1
 62
     0
 92
       -2
340
14
 93
        0
 40
0.045
309
GRIDFORMAT_END
309
TABLEFORMAT_END
  1
CELLSTYLE_BEGIN
 90
        1
 91
        1
300
_TITLE
309
CELLSTYLE_END
300
CELLSTYLE
  1
TABLEFORMAT_BEGIN
 90
        5
170
     1
 91
        0
 92
        0
 62
   257
 93
        1
300
CONTENTFORMAT
  1
CONTENTFORMAT_BEGIN
 90
        0
 91
        0
 92
        4
 93
        0
300

 40
0.0
140
1.0
 94
        5
 62
     0
340
11
144
0.18
309
CONTENTFORMAT_END
171
     1
301
MARGIN
  1
CELLMARGIN_BEGIN
 40
0.06
 40
0.06
 40
0.06
 40
0.06
 40
0.06
 40
0.06
309
CELLMARGIN_END
 94
        6
 95
        1
302
GRIDFORMAT
  1
GRIDFORMAT_BEGIN
 90
        0
 91
        1
 62
     0
 92
       -2
340
14
 93
        0
 40
0.045
309
GRIDFORMAT_END
 95
        2
302
GRIDFORMAT
  1
GRIDFORMAT_BEGIN
 90
        0
 91
        1
 62
     0
 92
       -2
340
14
 93
        0
 40
0.045
309
GRIDFORMAT_END
 95
        4
302
GRIDFORMAT
  1
GRIDFORMAT_BEGIN
 90
        0
 91
        1
 62
     0
 92
       -2
340
14
 93
        0
 40
0.045
309
GRIDFORMAT_END
 95
        8
302
GRIDFORMAT
  1
GRIDFORMAT_BEGIN
 90
        0
 91
        1
 62
     0
 92
       -2
340
14
 93
        0
 40
0.045
309
GRIDFORMAT_END
 95
       16
302
GRIDFORMAT
  1
GRIDFORMAT_BEGIN
 90
        0
 91
        1
 62
     0
 92
       -2
340
14
 93
        0
 40
0.045
309
GRIDFORMAT_END
 95
       32
302
GRIDFORMAT
  1
GRIDFORMAT_BEGIN
 90
        0
 91
        1
 62
     0
 92
       -2
340
14
 93
        0
 40
0.045
309
GRIDFORMAT_END
309
TABLEFORMAT_END
  1
CELLSTYLE_BEGIN
 90
        2
 91
        1
300
_HEADER
309
CELLSTYLE_END
300
CELLSTYLE
  1
TABLEFORMAT_BEGIN
 90
        5
170
     1
 91
        0
 92
        0
 62
   257
 93
        1
300
CONTENTFORMAT
  1
CONTENTFORMAT_BEGIN
 90
        0
 91
        0
 92
        4
 93
        0
300

 40
0.0
140
1.0
 94
        2
 62
     0
340
11
144
0.18
309
CONTENTFORMAT_END
171
     1
301
MARGIN
  1
CELLMARGIN_BEGIN
 40
0.06
 40
0.06
 40
0.06
 40
0.06
 40
0.06
 40
0.06
309
CELLMARGIN_END
 94
        6
 95
        1
302
GRIDFORMAT
  1
GRIDFORMAT_BEGIN
 90
        0
 91
        1
 62
     0
 92
       -2
340
14
 93
        0
 40
0.045
309
GRIDFORMAT_END
 95
        2
302
GRIDFORMAT
  1
GRIDFORMAT_BEGIN
 90
        0
 91
        1
 62
     0
 92
       -2
340
14
 93
        0
 40
0.045
309
GRIDFORMAT_END
 95
        4
302
GRIDFORMAT
  1
GRIDFORMAT_BEGIN
 90
        0
 91
        1
 62
     0
 92
       -2
340
14
 93
        0
 40
0.045
309
GRIDFORMAT_END
 95
        8
302
GRIDFORMAT
  1
GRIDFORMAT_BEGIN
 90
        0
 91
        1
 62
     0
 92
       -2
340
14
 93
        0
 40
0.045
309
GRIDFORMAT_END
 95
       16
302
GRIDFORMAT
  1
GRIDFORMAT_BEGIN
 90
        0
 91
        1
 62
     0
 92
       -2
340
14
 93
        0
 40
0.045
309
GRIDFORMAT_END
 95
       32
302
GRIDFORMAT
  1
GRIDFORMAT_BEGIN
 90
        0
 91
        1
 62
     0
 92
       -2
340
14
 93
        0
 40
0.045
309
GRIDFORMAT_END
309
TABLEFORMAT_END
  1
CELLSTYLE_BEGIN
 90
        3
 91
        2
300
_DATA
309
CELLSTYLE_END
  0
ENDSEC
  0
SECTION
  2
ACDSDATA
 70
     2
 71
     2
  0
ACDSSCHEMA
 90
        0
  1
AcDb_Thumbnail_Schema
  2
AcDbDs::ID
280
    10
 91
        8
  2
Thumbnail_Data
280
    15
 91
        0
101
ACDSRECORD
 95
        0
 90
        2
  2
AcDbDs::TreatedAsObjectData
280
     1
291
     1
101
ACDSRECORD
 95
        0
 90
        3
  2
AcDbDs::Legacy
280
     1
291
     1
101
ACDSRECORD
  1
AcDbDs::ID
 90
        4
  2
AcDs:Indexable
280
     1
291
     1
101
ACDSRECORD
  1
AcDbDs::ID
 90
        5
  2
AcDbDs::HandleAttribute
280
     7
282
     1
  0
ACDSSCHEMA
 90
        1
  1
AcDb3DSolid_ASM_Data
  2
AcDbDs::ID
280
    10
 91
        8
  2
ASM_Data
280
    15
 91
        0
101
ACDSRECORD
 95
        1
 90
        2
  2
AcDbDs::TreatedAsObjectData
280
     1
291
     1
101
ACDSRECORD
 95
        1
 90
        3
  2
AcDbDs::Legacy
280
     1
291
     1
101
ACDSRECORD
  1
AcDbDs::ID
 90
        4
  2
AcDs:Indexable
280
     1
291
     1
101
ACDSRECORD
  1
AcDbDs::ID
 90
        5
  2
AcDbDs::HandleAttribute
280
     7
282
     1
  0
ACDSSCHEMA
 90
        2
  1
AcDbDs::TreatedAsObjectDataSchema
  2
AcDbDs::TreatedAsObjectData
280
     1
 91
        0
  0
ACDSSCHEMA
 90
        3
  1
AcDbDs::LegacySchema
  2
AcDbDs::Legacy
280
     1
 91
        0
  0
ACDSSCHEMA
 90
        4
  1
AcDbDs::IndexedPropertySchema
  2
AcDs:Indexable
280
     1
 91
        0
  0
ACDSSCHEMA
 90
        5
  1
AcDbDs::HandleAttributeSchema
  2
AcDbDs::HandleAttribute
280
     7
 91
        1
284
     1
  0
ACDSRECORD
 90
        1
  2
AcDbDs::ID
280
    10
320
7A
  2
ASM_Data
280
    15
 94
      811
310
41534D2042696E61727946696C65341C57000000000000010000000400000007214F70656E2044657369676E20416C6C69616E63652041434953204275696C646572070E41434953203232332E3030204E540718546875204D61792031342031373A34303A3334203230323606000000000000F03F0648AFBC9AF2D77A3E06
310
BBBDD7D9DF7CDB3D0D04626F64790CFFFFFFFF04FFFFFFFF0CFFFFFFFF0C0A0000000CFFFFFFFF0CFFFFFFFF110D05706F696E740CFFFFFFFF04FFFFFFFF0CFFFFFFFF1383835A5F66265C40297FAD01000043400000000000000000110D067665727465780CFFFFFFFF04FFFFFFFF0CFFFFFFFF0C0400000004020000000C
310
01000000110E07656C6C697073650D0563757276650CFFFFFFFF04FFFFFFFF0CFFFFFFFF1388C8B8FBFFBF5B40297FAD010000434000000000000000001400000000000000000000000000000000000000000000F03F14CFBE6EE89899F93F0000000000000000000000000000008006000000000000F03F0B0B110D046564
310
67650CFFFFFFFF04FFFFFFFF0CFFFFFFFF0C020000000600000000000000000C0200000006182D4454FB2119400C050000000C030000000B0707756E6B6E6F776E110D06636F656467650CFFFFFFFF04FFFFFFFF0CFFFFFFFF0C050000000C050000000CFFFFFFFF0C040000000B0C0600000004000000000CFFFFFFFF110D
310
046C6F6F700CFFFFFFFF04FFFFFFFF0CFFFFFFFF0CFFFFFFFF0C050000000C08000000110E05706C616E650D07737572666163650CFFFFFFFF04FFFFFFFF0CFFFFFFFF130AEBE7C9CC8C5B40297FAD010000434000000000000000001400000000000000800000000000000000000000000000F03F14000000000000F0BF00
310
0000000000000000000000000000800B0B0B0B0B110D04666163650CFFFFFFFF04FFFFFFFF0CFFFFFFFF0CFFFFFFFF0C060000000C090000000CFFFFFFFF0C070000000B0A0B110D057368656C6C0CFFFFFFFF04FFFFFFFF0CFFFFFFFF0CFFFFFFFF0CFFFFFFFF0C080000000CFFFFFFFF0C0A000000110D046C756D700CFF
310
FFFFFF04FFFFFFFF0CFFFFFFFF0CFFFFFFFF0C090000000C00000000110E03456E640E026F660E0341534D0D0464617461
  0
ACDSRECORD
 90
        1
  2
AcDbDs::ID
280
    10
320
7B
  2
ASM_Data
280
    15
 94
      811
310
41534D2042696E61727946696C65341C57000000000000010000000400000007214F70656E2044657369676E20416C6C69616E63652041434953204275696C646572070E41434953203232332E3030204E540718546875204D61792031342031373A34303A3334203230323606000000000000F03F0648AFBC9AF2D77A3E06
310
BBBDD7D9DF7CDB3D0D04626F64790CFFFFFFFF04FFFFFFFF0CFFFFFFFF0C0A0000000CFFFFFFFF0CFFFFFFFF110D05706F696E740CFFFFFFFF04FFFFFFFF0CFFFFFFFF1383835A5F66265C40297FAD01000043400000000000000000110D067665727465780CFFFFFFFF04FFFFFFFF0CFFFFFFFF0C0400000004020000000C
310
01000000110E07656C6C697073650D0563757276650CFFFFFFFF04FFFFFFFF0CFFFFFFFF1388C8B8FBFFBF5B40297FAD010000434000000000000000001400000000000000000000000000000000000000000000F03F14CFBE6EE89899F93F0000000000000000000000000000008006000000000000F03F0B0B110D046564
310
67650CFFFFFFFF04FFFFFFFF0CFFFFFFFF0C020000000600000000000000000C0200000006182D4454FB2119400C050000000C030000000B0707756E6B6E6F776E110D06636F656467650CFFFFFFFF04FFFFFFFF0CFFFFFFFF0C050000000C050000000CFFFFFFFF0C040000000B0C0600000004000000000CFFFFFFFF110D
310
046C6F6F700CFFFFFFFF04FFFFFFFF0CFFFFFFFF0CFFFFFFFF0C050000000C08000000110E05706C616E650D07737572666163650CFFFFFFFF04FFFFFFFF0CFFFFFFFF130AEBE7C9CC8C5B40297FAD010000434000000000000000001400000000000000800000000000000000000000000000F03F14000000000000F0BF00
310
0000000000000000000000000000800B0B0B0B0B110D04666163650CFFFFFFFF04FFFFFFFF0CFFFFFFFF0CFFFFFFFF0C060000000C090000000CFFFFFFFF0C070000000B0A0B110D057368656C6C0CFFFFFFFF04FFFFFFFF0CFFFFFFFF0CFFFFFFFF0CFFFFFFFF0C080000000CFFFFFFFF0C0A000000110D046C756D700CFF
310
FFFFFF04FFFFFFFF0CFFFFFFFF0CFFFFFFFF0C090000000C00000000110E03456E640E026F660E0341534D0D0464617461
  0
ACDSRECORD
 90
        1
  2
AcDbDs::ID
280
    10
320
7D
  2
ASM_Data
280
    15
 94
      811
310
41534D2042696E61727946696C65341C57000000000000010000000400000007214F70656E2044657369676E20416C6C69616E63652041434953204275696C646572070E41434953203232332E3030204E540718546875204D61792031342031373A34303A3334203230323606000000000000F03F0648AFBC9AF2D77A3E06
310
BBBDD7D9DF7CDB3D0D04626F64790CFFFFFFFF04FFFFFFFF0CFFFFFFFF0C0A0000000CFFFFFFFF0CFFFFFFFF110D05706F696E740CFFFFFFFF04FFFFFFFF0CFFFFFFFF1390AF143433536040658FCCFAFFFF4D400000000000000000110D067665727465780CFFFFFFFF04FFFFFFFF0CFFFFFFFF0C0400000004020000000C
310
01000000110E07656C6C697073650D0563757276650CFFFFFFFF04FFFFFFFF0CFFFFFFFF1312D2430200206040658FCCFAFFFF4D4000000000000000001400000000000000000000000000000000000000000000F03F14CFBE6EE89899F93F0000000000000000000000000000008006000000000000F03F0B0B110D046564
310
67650CFFFFFFFF04FFFFFFFF0CFFFFFFFF0C020000000600000000000000000C0200000006182D4454FB2119400C050000000C030000000B0707756E6B6E6F776E110D06636F656467650CFFFFFFFF04FFFFFFFF0CFFFFFFFF0C050000000C050000000CFFFFFFFF0C040000000B0C0600000004000000000CFFFFFFFF110D
310
046C6F6F700CFFFFFFFF04FFFFFFFF0CFFFFFFFF0CFFFFFFFF0C050000000C08000000110E05706C616E650D07737572666163650CFFFFFFFF04FFFFFFFF0CFFFFFFFF1353635B6966066040658FCCFAFFFF4D4000000000000000001400000000000000800000000000000000000000000000F03F14000000000000F0BF00
310
0000000000000000000000000000800B0B0B0B0B110D04666163650CFFFFFFFF04FFFFFFFF0CFFFFFFFF0CFFFFFFFF0C060000000C090000000CFFFFFFFF0C070000000B0A0B110D057368656C6C0CFFFFFFFF04FFFFFFFF0CFFFFFFFF0CFFFFFFFF0CFFFFFFFF0C080000000CFFFFFFFF0C0A000000110D046C756D700CFF
310
FFFFFF04FFFFFFFF0CFFFFFFFF0CFFFFFFFF0C090000000C00000000110E03456E640E026F660E0341534D0D0464617461
  0
ACDSRECORD
 90
        1
  2
AcDbDs::ID
280
    10
320
7E
  2
ASM_Data
280
    15
 94
      811
310
41534D2042696E61727946696C65341C57000000000000010000000400000007214F70656E2044657369676E20416C6C69616E63652041434953204275696C646572070E41434953203232332E3030204E540718546875204D61792031342031373A34303A3334203230323606000000000000F03F0648AFBC9AF2D77A3E06
310
BBBDD7D9DF7CDB3D0D04626F64790CFFFFFFFF04FFFFFFFF0CFFFFFFFF0C0A0000000CFFFFFFFF0CFFFFFFFF110D05706F696E740CFFFFFFFF04FFFFFFFF0CFFFFFFFF1390AF143433536040658FCCFAFFFF4D400000000000000000110D067665727465780CFFFFFFFF04FFFFFFFF0CFFFFFFFF0C0400000004020000000C
310
01000000110E07656C6C697073650D0563757276650CFFFFFFFF04FFFFFFFF0CFFFFFFFF1312D2430200206040658FCCFAFFFF4D4000000000000000001400000000000000000000000000000000000000000000F03F14CFBE6EE89899F93F0000000000000000000000000000008006000000000000F03F0B0B110D046564
310
67650CFFFFFFFF04FFFFFFFF0CFFFFFFFF0C020000000600000000000000000C0200000006182D4454FB2119400C050000000C030000000B0707756E6B6E6F776E110D06636F656467650CFFFFFFFF04FFFFFFFF0CFFFFFFFF0C050000000C050000000CFFFFFFFF0C040000000B0C0600000004000000000CFFFFFFFF110D
310
046C6F6F700CFFFFFFFF04FFFFFFFF0CFFFFFFFF0CFFFFFFFF0C050000000C08000000110E05706C616E650D07737572666163650CFFFFFFFF04FFFFFFFF0CFFFFFFFF1353635B6966066040658FCCFAFFFF4D4000000000000000001400000000000000800000000000000000000000000000F03F14000000000000F0BF00
310
0000000000000000000000000000800B0B0B0B0B110D04666163650CFFFFFFFF04FFFFFFFF0CFFFFFFFF0CFFFFFFFF0C060000000C090000000CFFFFFFFF0C070000000B0A0B110D057368656C6C0CFFFFFFFF04FFFFFFFF0CFFFFFFFF0CFFFFFFFF0CFFFFFFFF0C080000000CFFFFFFFF0C0A000000110D046C756D700CFF
310
FFFFFF04FFFFFFFF0CFFFFFFFF0CFFFFFFFF0C090000000C00000000110E03456E640E026F660E0341534D0D0464617461
  0
ACDSRECORD
 90
        1
  2
AcDbDs::ID
280
    10
320
80
  2
ASM_Data
280
    15
 94
      811
310
41534D2042696E61727946696C65341C57000000000000010000000400000007214F70656E2044657369676E20416C6C69616E63652041434953204275696C646572070E41434953203232332E3030204E540718546875204D61792031342031373A34303A3334203230323606000000000000F03F0648AFBC9AF2D77A3E06
310
BBBDD7D9DF7CDB3D0D04626F64790CFFFFFFFF04FFFFFFFF0CFFFFFFFF0C0A0000000CFFFFFFFF0CFFFFFFFF110D05706F696E740CFFFFFFFF04FFFFFFFF0CFFFFFFFF1324A5EA6866265640658FCCFAFFFF4D400000000000000000110D067665727465780CFFFFFFFF04FFFFFFFF0CFFFFFFFF0C0400000004020000000C
310
01000000110E07656C6C697073650D0563757276650CFFFFFFFF04FFFFFFFF0CFFFFFFFF1329EA480500C05540658FCCFAFFFF4D4000000000000000001400000000000000000000000000000000000000000000F03F14CFBE6EE89899F93F0000000000000000000000000000008006000000000000F03F0B0B110D046564
310
67650CFFFFFFFF04FFFFFFFF0CFFFFFFFF0C020000000600000000000000000C0200000006182D4454FB2119400C050000000C030000000B0707756E6B6E6F776E110D06636F656467650CFFFFFFFF04FFFFFFFF0CFFFFFFFF0C050000000C050000000CFFFFFFFF0C040000000B0C0600000004000000000CFFFFFFFF110D
310
046C6F6F700CFFFFFFFF04FFFFFFFF0CFFFFFFFF0CFFFFFFFF0C050000000C08000000110E05706C616E650D07737572666163650CFFFFFFFF04FFFFFFFF0CFFFFFFFF13AB0C78D3CC8C5540658FCCFAFFFF4D4000000000000000001400000000000000800000000000000000000000000000F03F14000000000000F0BF00
310
0000000000000000000000000000800B0B0B0B0B110D04666163650CFFFFFFFF04FFFFFFFF0CFFFFFFFF0CFFFFFFFF0C060000000C090000000CFFFFFFFF0C070000000B0A0B110D057368656C6C0CFFFFFFFF04FFFFFFFF0CFFFFFFFF0CFFFFFFFF0CFFFFFFFF0C080000000CFFFFFFFF0C0A000000110D046C756D700CFF
310
FFFFFF04FFFFFFFF0CFFFFFFFF0CFFFFFFFF0C090000000C00000000110E03456E640E026F660E0341534D0D0464617461
  0
ACDSRECORD
 90
        1
  2
AcDbDs::ID
280
    10
320
81
  2
ASM_Data
280
    15
 94
      811
310
41534D2042696E61727946696C65341C57000000000000010000000400000007214F70656E2044657369676E20416C6C69616E63652041434953204275696C646572070E41434953203232332E3030204E540718546875204D61792031342031373A34303A3334203230323606000000000000F03F0648AFBC9AF2D77A3E06
310
BBBDD7D9DF7CDB3D0D04626F64790CFFFFFFFF04FFFFFFFF0CFFFFFFFF0C0A0000000CFFFFFFFF0CFFFFFFFF110D05706F696E740CFFFFFFFF04FFFFFFFF0CFFFFFFFF1324A5EA6866265640658FCCFAFFFF4D400000000000000000110D067665727465780CFFFFFFFF04FFFFFFFF0CFFFFFFFF0C0400000004020000000C
310
01000000110E07656C6C697073650D0563757276650CFFFFFFFF04FFFFFFFF0CFFFFFFFF1329EA480500C05540658FCCFAFFFF4D4000000000000000001400000000000000000000000000000000000000000000F03F14CFBE6EE89899F93F0000000000000000000000000000008006000000000000F03F0B0B110D046564
310
67650CFFFFFFFF04FFFFFFFF0CFFFFFFFF0C020000000600000000000000000C0200000006182D4454FB2119400C050000000C030000000B0707756E6B6E6F776E110D06636F656467650CFFFFFFFF04FFFFFFFF0CFFFFFFFF0C050000000C050000000CFFFFFFFF0C040000000B0C0600000004000000000CFFFFFFFF110D
310
046C6F6F700CFFFFFFFF04FFFFFFFF0CFFFFFFFF0CFFFFFFFF0C050000000C08000000110E05706C616E650D07737572666163650CFFFFFFFF04FFFFFFFF0CFFFFFFFF13AB0C78D3CC8C5540658FCCFAFFFF4D4000000000000000001400000000000000800000000000000000000000000000F03F14000000000000F0BF00
310
0000000000000000000000000000800B0B0B0B0B110D04666163650CFFFFFFFF04FFFFFFFF0CFFFFFFFF0CFFFFFFFF0C060000000C090000000CFFFFFFFF0C070000000B0A0B110D057368656C6C0CFFFFFFFF04FFFFFFFF0CFFFFFFFF0CFFFFFFFF0CFFFFFFFF0C080000000CFFFFFFFF0C0A000000110D046C756D700CFF
310
FFFFFF04FFFFFFFF0CFFFFFFFF0CFFFFFFFF0C090000000C00000000110E03456E640E026F660E0341534D0D0464617461
  0
ACDSRECORD
 90
        1
  2
AcDbDs::ID
280
    10
320
10F
  2
ASM_Data
280
    15
 94
     1684
310
41534D2042696E61727946696C65341C57000000000000010000000400000007214F70656E2044657369676E20416C6C69616E63652041434953204275696C646572070E41434953203232332E3030204E540718546875204D61792031342031373A34303A3334203230323606000000000000F03F0648AFBC9AF2D77A3E06
310
BBBDD7D9DF7CDB3D0D04626F64790CFFFFFFFF04FFFFFFFF0CFFFFFFFF0C190000000CFFFFFFFF0CFFFFFFFF110D05706F696E740CFFFFFFFF04FFFFFFFF0CFFFFFFFF130EE69FAE285C01C00EE69FAE285C01400000000000000000110D067665727465780CFFFFFFFF04FFFFFFFF0CFFFFFFFF0C1300000004020000000C
310
01000000110D05706F696E740CFFFFFFFF04FFFFFFFF0CFFFFFFFF131892F6B316AED7BF0EE69FAE285C01400000000000000000110D067665727465780CFFFFFFFF04FFFFFFFF0CFFFFFFFF0C0D00000004020000000C03000000110D05706F696E740CFFFFFFFF04FFFFFFFF0CFFFFFFFF131892F6B316AED7BF1892F6B3
310
16AED73F0000000000000000110D067665727465780CFFFFFFFF04FFFFFFFF0CFFFFFFFF0C1000000004020000000C05000000110D05706F696E740CFFFFFFFF04FFFFFFFF0CFFFFFFFF130EE69FAE285C01C01892F6B316AED73F0000000000000000110D067665727465780CFFFFFFFF04FFFFFFFF0CFFFFFFFF0C130000
310
0004020000000C07000000110E0873747261696768740D0563757276650CFFFFFFFF04FFFFFFFF0CFFFFFFFF130EE69FAE285C01C00EE69FAE285C0140000000000000000014962742B0CBCCFC3F000000000000000000000000000000000B0B110D04656467650CFFFFFFFF04FFFFFFFF0CFFFFFFFF0C0200000006000000
310
00000000000C0400000006000000000000F03F0C0B0000000C090000000B0707756E6B6E6F776E110D06636F656467650CFFFFFFFF04FFFFFFFF0CFFFFFFFF0C0E0000000C140000000CFFFFFFFF0C0A0000000B0C1500000004000000000CFFFFFFFF110E0873747261696768740D0563757276650CFFFFFFFF04FFFFFFFF
310
0CFFFFFFFF131892F6B316AED7BF0EE69FAE285C01400000000000000000140000000000000000962742B0CBCCFCBF00000000000000000B0B110D04656467650CFFFFFFFF04FFFFFFFF0CFFFFFFFF0C040000000600000000000000000C0600000006000000000000F03F0C0E0000000C0C0000000B0707756E6B6E6F776E
310
110D06636F656467650CFFFFFFFF04FFFFFFFF0CFFFFFFFF0C110000000C0B0000000CFFFFFFFF0C0D0000000B0C1500000004000000000CFFFFFFFF110E0873747261696768740D0563757276650CFFFFFFFF04FFFFFFFF0CFFFFFFFF131892F6B316AED7BF1892F6B316AED73F000000000000000014962742B0CBCCFCBF
310
000000000000000000000000000000000B0B110D04656467650CFFFFFFFF04FFFFFFFF0CFFFFFFFF0C060000000600000000000000000C0800000006000000000000F03F0C110000000C0F0000000B0707756E6B6E6F776E110D06636F656467650CFFFFFFFF04FFFFFFFF0CFFFFFFFF0C140000000C0E0000000CFFFFFFFF
310
0C100000000B0C1500000004000000000CFFFFFFFF110E0873747261696768740D0563757276650CFFFFFFFF04FFFFFFFF0CFFFFFFFF130EE69FAE285C01C01892F6B316AED73F0000000000000000140000000000000000962742B0CBCCFC3F00000000000000000B0B110D04656467650CFFFFFFFF04FFFFFFFF0CFFFFFF
310
FF0C080000000600000000000000000C0200000006000000000000F03F0C140000000C120000000B0707756E6B6E6F776E110D06636F656467650CFFFFFFFF04FFFFFFFF0CFFFFFFFF0C0B0000000C110000000CFFFFFFFF0C130000000B0C1500000004000000000CFFFFFFFF110D046C6F6F700CFFFFFFFF04FFFFFFFF0C
310
FFFFFFFF0CFFFFFFFF0C0B0000000C17000000110E05706C616E650D07737572666163650CFFFFFFFF04FFFFFFFF0CFFFFFFFF1351B81E85EB51F4BF51B81E85EB51F43F00000000000000001400000000000000000000000000000000000000000000F0BF14000000000000F0BF000000000000000000000000000000800B
310
0B0B0B0B110D04666163650CFFFFFFFF04FFFFFFFF0CFFFFFFFF0CFFFFFFFF0C150000000C180000000CFFFFFFFF0C160000000B0A0B110D057368656C6C0CFFFFFFFF04FFFFFFFF0CFFFFFFFF0CFFFFFFFF0CFFFFFFFF0C170000000CFFFFFFFF0C19000000110D046C756D700CFFFFFFFF04FFFFFFFF0CFFFFFFFF0CFFFF
310
FFFF0C180000000C00000000110E03456E640E026F660E0341534D0D0464617461
  0
ACDSRECORD
 90
        1
  2
AcDbDs::ID
280
    10
320
110
  2
ASM_Data
280
    15
 94
      811
310
41534D2042696E61727946696C65341C57000000000000010000000400000007214F70656E2044657369676E20416C6C69616E63652041434953204275696C646572070E41434953203232332E3030204E540718546875204D61792031342031373A34303A3334203230323606000000000000F03F0648AFBC9AF2D77A3E06
310
BBBDD7D9DF7CDB3D0D04626F64790CFFFFFFFF04FFFFFFFF0CFFFFFFFF0C0A0000000CFFFFFFFF0CFFFFFFFF110D05706F696E740CFFFFFFFF04FFFFFFFF0CFFFFFFFF1383CDEFEA0BD7EBBF52B81E85EB51F43F0000000000000000110D067665727465780CFFFFFFFF04FFFFFFFF0CFFFFFFFF0C0400000004020000000C
310
01000000110E07656C6C697073650D0563757276650CFFFFFFFF04FFFFFFFF0CFFFFFFFF1352B81E85EB51F4BF52B81E85EB51F43F00000000000000001400000000000000000000000000000000000000000000F03F1442469B3E9699D93F0000000000000000000000000000008006000000000000F03F0B0B110D046564
310
67650CFFFFFFFF04FFFFFFFF0CFFFFFFFF0C020000000600000000000000000C0200000006182D4454FB2119400C050000000C030000000B0707756E6B6E6F776E110D06636F656467650CFFFFFFFF04FFFFFFFF0CFFFFFFFF0C050000000C050000000CFFFFFFFF0C040000000B0C0600000004000000000CFFFFFFFF110D
310
046C6F6F700CFFFFFFFF04FFFFFFFF0CFFFFFFFF0CFFFFFFFF0C050000000C08000000110E05706C616E650D07737572666163650CFFFFFFFF04FFFFFFFF0CFFFFFFFF131A21F24C1E85F7BF52B81E85EB51F43F00000000000000001400000000000000800000000000000000000000000000F03F14000000000000F0BF00
310
0000000000000000000000000000800B0B0B0B0B110D04666163650CFFFFFFFF04FFFFFFFF0CFFFFFFFF0CFFFFFFFF0C060000000C090000000CFFFFFFFF0C070000000B0A0B110D057368656C6C0CFFFFFFFF04FFFFFFFF0CFFFFFFFF0CFFFFFFFF0CFFFFFFFF0C080000000CFFFFFFFF0C0A000000110D046C756D700CFF
310
FFFFFF04FFFFFFFF0CFFFFFFFF0CFFFFFFFF0C090000000C00000000110E03456E640E026F660E0341534D0D0464617461
  0
ACDSRECORD
 90
        1
  2
AcDbDs::ID
280
    10
320
112
  2
ASM_Data
280
    15
 94
      811
310
41534D2042696E61727946696C65341C57000000000000010000000400000007214F70656E2044657369676E20416C6C69616E63652041434953204275696C646572070E41434953203232332E3030204E540718546875204D61792031342031373A34303A3334203230323606000000000000F03F0648AFBC9AF2D77A3E06
310
BBBDD7D9DF7CDB3D0D04626F64790CFFFFFFFF04FFFFFFFF0CFFFFFFFF0C0A0000000CFFFFFFFF0CFFFFFFFF110D05706F696E740CFFFFFFFF04FFFFFFFF0CFFFFFFFF1334839D071CAED7BF52B81E85EB51F4BF0000000000000000110D067665727465780CFFFFFFFF04FFFFFFFF0CFFFFFFFF0C0400000004020000000C
310
01000000110E07656C6C697073650D0563757276650CFFFFFFFF04FFFFFFFF0CFFFFFFFF1352B81E85EB51F4BF52B81E85EB51F4BF00000000000000001400000000000000000000000000000000000000000000F03F140AAF6E06C9CCEC3F0000000000000000000000000000008006000000000000F03F0B0B110D046564
310
67650CFFFFFFFF04FFFFFFFF0CFFFFFFFF0C020000000600000000000000000C0200000006182D4454FB2119400C050000000C030000000B0707756E6B6E6F776E110D06636F656467650CFFFFFFFF04FFFFFFFF0CFFFFFFFF0C050000000C050000000CFFFFFFFF0C040000000B0C0600000004000000000CFFFFFFFF110D
310
046C6F6F700CFFFFFFFF04FFFFFFFF0CFFFFFFFF0CFFFFFFFF0C050000000C08000000110E05706C616E650D07737572666163650CFFFFFFFF04FFFFFFFF0CFFFFFFFF131564BAC61D85FBBF52B81E85EB51F4BF00000000000000001400000000000000800000000000000000000000000000F03F14000000000000F0BF00
310
0000000000000000000000000000800B0B0B0B0B110D04666163650CFFFFFFFF04FFFFFFFF0CFFFFFFFF0CFFFFFFFF0C060000000C090000000CFFFFFFFF0C070000000B0A0B110D057368656C6C0CFFFFFFFF04FFFFFFFF0CFFFFFFFF0CFFFFFFFF0CFFFFFFFF0C080000000CFFFFFFFF0C0A000000110D046C756D700CFF
310
FFFFFF04FFFFFFFF0CFFFFFFFF0CFFFFFFFF0C090000000C00000000110E03456E640E026F660E0341534D0D0464617461
  0
ACDSRECORD
 90
        1
  2
AcDbDs::ID
280
    10
320
113
  2
ASM_Data
280
    15
 94
      811
310
41534D2042696E61727946696C65341C57000000000000010000000400000007214F70656E2044657369676E20416C6C69616E63652041434953204275696C646572070E41434953203232332E3030204E540718546875204D61792031342031373A34303A3334203230323606000000000000F03F0648AFBC9AF2D77A3E06
310
BBBDD7D9DF7CDB3D0D04626F64790CFFFFFFFF04FFFFFFFF0CFFFFFFFF0C0A0000000CFFFFFFFF0CFFFFFFFF110D05706F696E740CFFFFFFFF04FFFFFFFF0CFFFFFFFF1383CDEFEA0BD7EBBF52B81E85EB51F4BF0000000000000000110D067665727465780CFFFFFFFF04FFFFFFFF0CFFFFFFFF0C0400000004020000000C
310
01000000110E07656C6C697073650D0563757276650CFFFFFFFF04FFFFFFFF0CFFFFFFFF1352B81E85EB51F4BF52B81E85EB51F4BF00000000000000001400000000000000000000000000000000000000000000F03F1442469B3E9699D93F0000000000000000000000000000008006000000000000F03F0B0B110D046564
310
67650CFFFFFFFF04FFFFFFFF0CFFFFFFFF0C020000000600000000000000000C0200000006182D4454FB2119400C050000000C030000000B0707756E6B6E6F776E110D06636F656467650CFFFFFFFF04FFFFFFFF0CFFFFFFFF0C050000000C050000000CFFFFFFFF0C040000000B0C0600000004000000000CFFFFFFFF110D
310
046C6F6F700CFFFFFFFF04FFFFFFFF0CFFFFFFFF0CFFFFFFFF0C050000000C08000000110E05706C616E650D07737572666163650CFFFFFFFF04FFFFFFFF0CFFFFFFFF131A21F24C1E85F7BF52B81E85EB51F4BF00000000000000001400000000000000800000000000000000000000000000F03F14000000000000F0BF00
310
0000000000000000000000000000800B0B0B0B0B110D04666163650CFFFFFFFF04FFFFFFFF0CFFFFFFFF0CFFFFFFFF0C060000000C090000000CFFFFFFFF0C070000000B0A0B110D057368656C6C0CFFFFFFFF04FFFFFFFF0CFFFFFFFF0CFFFFFFFF0CFFFFFFFF0C080000000CFFFFFFFF0C0A000000110D046C756D700CFF
310
FFFFFF04FFFFFFFF0CFFFFFFFF0CFFFFFFFF0C090000000C00000000110E03456E640E026F660E0341534D0D0464617461
  0
ACDSRECORD
 90
        1
  2
AcDbDs::ID
280
    10
320
115
  2
ASM_Data
280
    15
 94
      811
310
41534D2042696E61727946696C65341C57000000000000010000000400000007214F70656E2044657369676E20416C6C69616E63652041434953204275696C646572070E41434953203232332E3030204E540718546875204D61792031342031373A34303A3334203230323606000000000000F03F0648AFBC9AF2D77A3E06
310
BBBDD7D9DF7CDB3D0D04626F64790CFFFFFFFF04FFFFFFFF0CFFFFFFFF0C0A0000000CFFFFFFFF0CFFFFFFFF110D05706F696E740CFFFFFFFF04FFFFFFFF0CFFFFFFFF13EC072B04285C014000000000000000000000000000000000110D067665727465780CFFFFFFFF04FFFFFFFF0CFFFFFFFF0C0400000004020000000C
310
01000000110E07656C6C697073650D0563757276650CFFFFFFFF04FFFFFFFF0CFFFFFFFF1352B81E85EB51F43F000000000000000000000000000000001400000000000000000000000000000000000000000000F03F140AAF6E06C9CCEC3F0000000000000000000000000000008006000000000000F03F0B0B110D046564
310
67650CFFFFFFFF04FFFFFFFF0CFFFFFFFF0C020000000600000000000000000C0200000006182D4454FB2119400C050000000C030000000B0707756E6B6E6F776E110D06636F656467650CFFFFFFFF04FFFFFFFF0CFFFFFFFF0C050000000C050000000CFFFFFFFF0C040000000B0C0600000004000000000CFFFFFFFF110D
310
046C6F6F700CFFFFFFFF04FFFFFFFF0CFFFFFFFF0CFFFFFFFF0C050000000C08000000110E05706C616E650D07737572666163650CFFFFFFFF04FFFFFFFF0CFFFFFFFF131E190687723DEA3F000000000000A03C00000000000000001400000000000000800000000000000000000000000000F03F14000000000000F0BF00
310
0000000000000000000000000000800B0B0B0B0B110D04666163650CFFFFFFFF04FFFFFFFF0CFFFFFFFF0CFFFFFFFF0C060000000C090000000CFFFFFFFF0C070000000B0A0B110D057368656C6C0CFFFFFFFF04FFFFFFFF0CFFFFFFFF0CFFFFFFFF0CFFFFFFFF0C080000000CFFFFFFFF0C0A000000110D046C756D700CFF
310
FFFFFF04FFFFFFFF0CFFFFFFFF0CFFFFFFFF0C090000000C00000000110E03456E640E026F660E0341534D0D0464617461
  0
ACDSRECORD
 90
        1
  2
AcDbDs::ID
280
    10
320
116
  2
ASM_Data
280
    15
 94
      811
310
41534D2042696E61727946696C65341C57000000000000010000000400000007214F70656E2044657369676E20416C6C69616E63652041434953204275696C646572070E41434953203232332E3030204E540718546875204D61792031342031373A34303A3334203230323606000000000000F03F0648AFBC9AF2D77A3E06
310
BBBDD7D9DF7CDB3D0D04626F64790CFFFFFFFF04FFFFFFFF0CFFFFFFFF0C0A0000000CFFFFFFFF0CFFFFFFFF110D05706F696E740CFFFFFFFF04FFFFFFFF0CFFFFFFFF13E289C51451B8FA3F00000000000000000000000000000000110D067665727465780CFFFFFFFF04FFFFFFFF0CFFFFFFFF0C0400000004020000000C
310
01000000110E07656C6C697073650D0563757276650CFFFFFFFF04FFFFFFFF0CFFFFFFFF1352B81E85EB51F43F000000000000000000000000000000001400000000000000000000000000000000000000000000F03F1442469B3E9699D93F0000000000000000000000000000008006000000000000F03F0B0B110D046564
310
67650CFFFFFFFF04FFFFFFFF0CFFFFFFFF0C020000000600000000000000000C0200000006182D4454FB2119400C050000000C030000000B0707756E6B6E6F776E110D06636F656467650CFFFFFFFF04FFFFFFFF0CFFFFFFFF0C050000000C050000000CFFFFFFFF0C040000000B0C0600000004000000000CFFFFFFFF110D
310
046C6F6F700CFFFFFFFF04FFFFFFFF0CFFFFFFFF0CFFFFFFFF0C050000000C08000000110E05706C616E650D07737572666163650CFFFFFFFF04FFFFFFFF0CFFFFFFFF138A4F4BBDB81EF13F000000000000903C00000000000000001400000000000000800000000000000000000000000000F03F14000000000000F0BF00
310
0000000000000000000000000000800B0B0B0B0B110D04666163650CFFFFFFFF04FFFFFFFF0CFFFFFFFF0CFFFFFFFF0C060000000C090000000CFFFFFFFF0C070000000B0A0B110D057368656C6C0CFFFFFFFF04FFFFFFFF0CFFFFFFFF0CFFFFFFFF0CFFFFFFFF0C080000000CFFFFFFFF0C0A000000110D046C756D700CFF
310
FFFFFF04FFFFFFFF0CFFFFFFFF0CFFFFFFFF0C090000000C00000000110E03456E640E026F660E0341534D0D0464617461
  0
ACDSRECORD
 90
        1
  2
AcDbDs::ID
280
    10
320
124
  2
ASM_Data
280
    15
 94
      811
310
41534D2042696E61727946696C65341C57000000000000010000000400000007214F70656E2044657369676E20416C6C69616E63652041434953204275696C646572070E41434953203232332E3030204E540718546875204D61792031342031373A34303A3334203230323606000000000000F03F0648AFBC9AF2D77A3E06
310
BBBDD7D9DF7CDB3D0D04626F64790CFFFFFFFF04FFFFFFFF0CFFFFFFFF0C0A0000000CFFFFFFFF0CFFFFFFFF110D05706F696E740CFFFFFFFF04FFFFFFFF0CFFFFFFFF13EC072B04285C014000000000000000000000000000000000110D067665727465780CFFFFFFFF04FFFFFFFF0CFFFFFFFF0C0400000004020000000C
310
01000000110E07656C6C697073650D0563757276650CFFFFFFFF04FFFFFFFF0CFFFFFFFF1352B81E85EB51F43F000000000000000000000000000000001400000000000000000000000000000000000000000000F03F140AAF6E06C9CCEC3F0000000000000000000000000000008006000000000000F03F0B0B110D046564
310
67650CFFFFFFFF04FFFFFFFF0CFFFFFFFF0C020000000600000000000000000C0200000006182D4454FB2119400C050000000C030000000B0707756E6B6E6F776E110D06636F656467650CFFFFFFFF04FFFFFFFF0CFFFFFFFF0C050000000C050000000CFFFFFFFF0C040000000B0C0600000004000000000CFFFFFFFF110D
310
046C6F6F700CFFFFFFFF04FFFFFFFF0CFFFFFFFF0CFFFFFFFF0C050000000C08000000110E05706C616E650D07737572666163650CFFFFFFFF04FFFFFFFF0CFFFFFFFF131E190687723DEA3F000000000000A03C00000000000000001400000000000000800000000000000000000000000000F03F14000000000000F0BF00
310
0000000000000000000000000000800B0B0B0B0B110D04666163650CFFFFFFFF04FFFFFFFF0CFFFFFFFF0CFFFFFFFF0C060000000C090000000CFFFFFFFF0C070000000B0A0B110D057368656C6C0CFFFFFFFF04FFFFFFFF0CFFFFFFFF0CFFFFFFFF0CFFFFFFFF0C080000000CFFFFFFFF0C0A000000110D046C756D700CFF
310
FFFFFF04FFFFFFFF0CFFFFFFFF0CFFFFFFFF0C090000000C00000000110E03456E640E026F660E0341534D0D0464617461
  0
ACDSRECORD
 90
        1
  2
AcDbDs::ID
280
    10
320
125
  2
ASM_Data
280
    15
 94
      811
310
41534D2042696E61727946696C65341C57000000000000010000000400000007214F70656E2044657369676E20416C6C69616E63652041434953204275696C646572070E41434953203232332E3030204E540718546875204D61792031342031373A34303A3334203230323606000000000000F03F0648AFBC9AF2D77A3E06
310
BBBDD7D9DF7CDB3D0D04626F64790CFFFFFFFF04FFFFFFFF0CFFFFFFFF0C0A0000000CFFFFFFFF0CFFFFFFFF110D05706F696E740CFFFFFFFF04FFFFFFFF0CFFFFFFFF13E289C51451B8FA3F00000000000000000000000000000000110D067665727465780CFFFFFFFF04FFFFFFFF0CFFFFFFFF0C0400000004020000000C
310
01000000110E07656C6C697073650D0563757276650CFFFFFFFF04FFFFFFFF0CFFFFFFFF1352B81E85EB51F43F000000000000000000000000000000001400000000000000000000000000000000000000000000F03F1442469B3E9699D93F0000000000000000000000000000008006000000000000F03F0B0B110D046564
310
67650CFFFFFFFF04FFFFFFFF0CFFFFFFFF0C020000000600000000000000000C0200000006182D4454FB2119400C050000000C030000000B0707756E6B6E6F776E110D06636F656467650CFFFFFFFF04FFFFFFFF0CFFFFFFFF0C050000000C050000000CFFFFFFFF0C040000000B0C0600000004000000000CFFFFFFFF110D
310
046C6F6F700CFFFFFFFF04FFFFFFFF0CFFFFFFFF0CFFFFFFFF0C050000000C08000000110E05706C616E650D07737572666163650CFFFFFFFF04FFFFFFFF0CFFFFFFFF138A4F4BBDB81EF13F000000000000903C00000000000000001400000000000000800000000000000000000000000000F03F14000000000000F0BF00
310
0000000000000000000000000000800B0B0B0B0B110D04666163650CFFFFFFFF04FFFFFFFF0CFFFFFFFF0CFFFFFFFF0C060000000C090000000CFFFFFFFF0C070000000B0A0B110D057368656C6C0CFFFFFFFF04FFFFFFFF0CFFFFFFFF0CFFFFFFFF0CFFFFFFFF0C080000000CFFFFFFFF0C0A000000110D046C756D700CFF
310
FFFFFF04FFFFFFFF0CFFFFFFFF0CFFFFFFFF0C090000000C00000000110E03456E640E026F660E0341534D0D0464617461
  0
ACDSRECORD
 90
        1
  2
AcDbDs::ID
280
    10
320
127
  2
ASM_Data
280
    15
 94
      811
310
41534D2042696E61727946696C65341C57000000000000010000000400000007214F70656E2044657369676E20416C6C69616E63652041434953204275696C646572070E41434953203232332E3030204E540718546875204D61792031342031373A34303A3334203230323606000000000000F03F0648AFBC9AF2D77A3E06
310
BBBDD7D9DF7CDB3D0D04626F64790CFFFFFFFF04FFFFFFFF0CFFFFFFFF0C0A0000000CFFFFFFFF0CFFFFFFFF110D05706F696E740CFFFFFFFF04FFFFFFFF0CFFFFFFFF1334839D071CAED7BF52B81E85EB51F4BF0000000000000000110D067665727465780CFFFFFFFF04FFFFFFFF0CFFFFFFFF0C0400000004020000000C
310
01000000110E07656C6C697073650D0563757276650CFFFFFFFF04FFFFFFFF0CFFFFFFFF1352B81E85EB51F4BF52B81E85EB51F4BF00000000000000001400000000000000000000000000000000000000000000F03F140AAF6E06C9CCEC3F0000000000000000000000000000008006000000000000F03F0B0B110D046564
310
67650CFFFFFFFF04FFFFFFFF0CFFFFFFFF0C020000000600000000000000000C0200000006182D4454FB2119400C050000000C030000000B0707756E6B6E6F776E110D06636F656467650CFFFFFFFF04FFFFFFFF0CFFFFFFFF0C050000000C050000000CFFFFFFFF0C040000000B0C0600000004000000000CFFFFFFFF110D
310
046C6F6F700CFFFFFFFF04FFFFFFFF0CFFFFFFFF0CFFFFFFFF0C050000000C08000000110E05706C616E650D07737572666163650CFFFFFFFF04FFFFFFFF0CFFFFFFFF131564BAC61D85FBBF52B81E85EB51F4BF00000000000000001400000000000000800000000000000000000000000000F03F14000000000000F0BF00
310
0000000000000000000000000000800B0B0B0B0B110D04666163650CFFFFFFFF04FFFFFFFF0CFFFFFFFF0CFFFFFFFF0C060000000C090000000CFFFFFFFF0C070000000B0A0B110D057368656C6C0CFFFFFFFF04FFFFFFFF0CFFFFFFFF0CFFFFFFFF0CFFFFFFFF0C080000000CFFFFFFFF0C0A000000110D046C756D700CFF
310
FFFFFF04FFFFFFFF0CFFFFFFFF0CFFFFFFFF0C090000000C00000000110E03456E640E026F660E0341534D0D0464617461
  0
ACDSRECORD
 90
        1
  2
AcDbDs::ID
280
    10
320
128
  2
ASM_Data
280
    15
 94
      811
310
41534D2042696E61727946696C65341C57000000000000010000000400000007214F70656E2044657369676E20416C6C69616E63652041434953204275696C646572070E41434953203232332E3030204E540718546875204D61792031342031373A34303A3334203230323606000000000000F03F0648AFBC9AF2D77A3E06
310
BBBDD7D9DF7CDB3D0D04626F64790CFFFFFFFF04FFFFFFFF0CFFFFFFFF0C0A0000000CFFFFFFFF0CFFFFFFFF110D05706F696E740CFFFFFFFF04FFFFFFFF0CFFFFFFFF1383CDEFEA0BD7EBBF52B81E85EB51F4BF0000000000000000110D067665727465780CFFFFFFFF04FFFFFFFF0CFFFFFFFF0C0400000004020000000C
310
01000000110E07656C6C697073650D0563757276650CFFFFFFFF04FFFFFFFF0CFFFFFFFF1352B81E85EB51F4BF52B81E85EB51F4BF00000000000000001400000000000000000000000000000000000000000000F03F1442469B3E9699D93F0000000000000000000000000000008006000000000000F03F0B0B110D046564
310
67650CFFFFFFFF04FFFFFFFF0CFFFFFFFF0C020000000600000000000000000C0200000006182D4454FB2119400C050000000C030000000B0707756E6B6E6F776E110D06636F656467650CFFFFFFFF04FFFFFFFF0CFFFFFFFF0C050000000C050000000CFFFFFFFF0C040000000B0C0600000004000000000CFFFFFFFF110D
310
046C6F6F700CFFFFFFFF04FFFFFFFF0CFFFFFFFF0CFFFFFFFF0C050000000C08000000110E05706C616E650D07737572666163650CFFFFFFFF04FFFFFFFF0CFFFFFFFF131A21F24C1E85F7BF52B81E85EB51F4BF00000000000000001400000000000000800000000000000000000000000000F03F14000000000000F0BF00
310
0000000000000000000000000000800B0B0B0B0B110D04666163650CFFFFFFFF04FFFFFFFF0CFFFFFFFF0CFFFFFFFF0C060000000C090000000CFFFFFFFF0C070000000B0A0B110D057368656C6C0CFFFFFFFF04FFFFFFFF0CFFFFFFFF0CFFFFFFFF0CFFFFFFFF0C080000000CFFFFFFFF0C0A000000110D046C756D700CFF
310
FFFFFF04FFFFFFFF0CFFFFFFFF0CFFFFFFFF0C090000000C00000000110E03456E640E026F660E0341534D0D0464617461
  0
ACDSRECORD
 90
        1
  2
AcDbDs::ID
280
    10
320
12A
  2
ASM_Data
280
    15
 94
     1684
310
41534D2042696E61727946696C65341C57000000000000010000000400000007214F70656E2044657369676E20416C6C69616E63652041434953204275696C646572070E41434953203232332E3030204E540718546875204D61792031342031373A34303A3334203230323606000000000000F03F0648AFBC9AF2D77A3E06
310
BBBDD7D9DF7CDB3D0D04626F64790CFFFFFFFF04FFFFFFFF0CFFFFFFFF0C190000000CFFFFFFFF0CFFFFFFFF110D05706F696E740CFFFFFFFF04FFFFFFFF0CFFFFFFFF130EE69FAE285C01C00EE69FAE285C01400000000000000000110D067665727465780CFFFFFFFF04FFFFFFFF0CFFFFFFFF0C1300000004020000000C
310
01000000110D05706F696E740CFFFFFFFF04FFFFFFFF0CFFFFFFFF131892F6B316AED7BF0EE69FAE285C01400000000000000000110D067665727465780CFFFFFFFF04FFFFFFFF0CFFFFFFFF0C0D00000004020000000C03000000110D05706F696E740CFFFFFFFF04FFFFFFFF0CFFFFFFFF131892F6B316AED7BF1892F6B3
310
16AED73F0000000000000000110D067665727465780CFFFFFFFF04FFFFFFFF0CFFFFFFFF0C1000000004020000000C05000000110D05706F696E740CFFFFFFFF04FFFFFFFF0CFFFFFFFF130EE69FAE285C01C01892F6B316AED73F0000000000000000110D067665727465780CFFFFFFFF04FFFFFFFF0CFFFFFFFF0C130000
310
0004020000000C07000000110E0873747261696768740D0563757276650CFFFFFFFF04FFFFFFFF0CFFFFFFFF130EE69FAE285C01C00EE69FAE285C0140000000000000000014962742B0CBCCFC3F000000000000000000000000000000000B0B110D04656467650CFFFFFFFF04FFFFFFFF0CFFFFFFFF0C0200000006000000
310
00000000000C0400000006000000000000F03F0C0B0000000C090000000B0707756E6B6E6F776E110D06636F656467650CFFFFFFFF04FFFFFFFF0CFFFFFFFF0C0E0000000C140000000CFFFFFFFF0C0A0000000B0C1500000004000000000CFFFFFFFF110E0873747261696768740D0563757276650CFFFFFFFF04FFFFFFFF
310
0CFFFFFFFF131892F6B316AED7BF0EE69FAE285C01400000000000000000140000000000000000962742B0CBCCFCBF00000000000000000B0B110D04656467650CFFFFFFFF04FFFFFFFF0CFFFFFFFF0C040000000600000000000000000C0600000006000000000000F03F0C0E0000000C0C0000000B0707756E6B6E6F776E
310
110D06636F656467650CFFFFFFFF04FFFFFFFF0CFFFFFFFF0C110000000C0B0000000CFFFFFFFF0C0D0000000B0C1500000004000000000CFFFFFFFF110E0873747261696768740D0563757276650CFFFFFFFF04FFFFFFFF0CFFFFFFFF131892F6B316AED7BF1892F6B316AED73F000000000000000014962742B0CBCCFCBF
310
000000000000000000000000000000000B0B110D04656467650CFFFFFFFF04FFFFFFFF0CFFFFFFFF0C060000000600000000000000000C0800000006000000000000F03F0C110000000C0F0000000B0707756E6B6E6F776E110D06636F656467650CFFFFFFFF04FFFFFFFF0CFFFFFFFF0C140000000C0E0000000CFFFFFFFF
310
0C100000000B0C1500000004000000000CFFFFFFFF110E0873747261696768740D0563757276650CFFFFFFFF04FFFFFFFF0CFFFFFFFF130EE69FAE285C01C01892F6B316AED73F0000000000000000140000000000000000962742B0CBCCFC3F00000000000000000B0B110D04656467650CFFFFFFFF04FFFFFFFF0CFFFFFF
310
FF0C080000000600000000000000000C0200000006000000000000F03F0C140000000C120000000B0707756E6B6E6F776E110D06636F656467650CFFFFFFFF04FFFFFFFF0CFFFFFFFF0C0B0000000C110000000CFFFFFFFF0C130000000B0C1500000004000000000CFFFFFFFF110D046C6F6F700CFFFFFFFF04FFFFFFFF0C
310
FFFFFFFF0CFFFFFFFF0C0B0000000C17000000110E05706C616E650D07737572666163650CFFFFFFFF04FFFFFFFF0CFFFFFFFF1351B81E85EB51F4BF51B81E85EB51F43F00000000000000001400000000000000000000000000000000000000000000F0BF14000000000000F0BF000000000000000000000000000000800B
310
0B0B0B0B110D04666163650CFFFFFFFF04FFFFFFFF0CFFFFFFFF0CFFFFFFFF0C150000000C180000000CFFFFFFFF0C160000000B0A0B110D057368656C6C0CFFFFFFFF04FFFFFFFF0CFFFFFFFF0CFFFFFFFF0CFFFFFFFF0C170000000CFFFFFFFF0C19000000110D046C756D700CFFFFFFFF04FFFFFFFF0CFFFFFFFF0CFFFF
310
FFFF0C180000000C00000000110E03456E640E026F660E0341534D0D0464617461
  0
ACDSRECORD
 90
        1
  2
AcDbDs::ID
280
    10
320
12B
  2
ASM_Data
280
    15
 94
      811
310
41534D2042696E61727946696C65341C57000000000000010000000400000007214F70656E2044657369676E20416C6C69616E63652041434953204275696C646572070E41434953203232332E3030204E540718546875204D61792031342031373A34303A3334203230323606000000000000F03F0648AFBC9AF2D77A3E06
310
BBBDD7D9DF7CDB3D0D04626F64790CFFFFFFFF04FFFFFFFF0CFFFFFFFF0C0A0000000CFFFFFFFF0CFFFFFFFF110D05706F696E740CFFFFFFFF04FFFFFFFF0CFFFFFFFF1383CDEFEA0BD7EBBF52B81E85EB51F43F0000000000000000110D067665727465780CFFFFFFFF04FFFFFFFF0CFFFFFFFF0C0400000004020000000C
310
01000000110E07656C6C697073650D0563757276650CFFFFFFFF04FFFFFFFF0CFFFFFFFF1352B81E85EB51F4BF52B81E85EB51F43F00000000000000001400000000000000000000000000000000000000000000F03F1442469B3E9699D93F0000000000000000000000000000008006000000000000F03F0B0B110D046564
310
67650CFFFFFFFF04FFFFFFFF0CFFFFFFFF0C020000000600000000000000000C0200000006182D4454FB2119400C050000000C030000000B0707756E6B6E6F776E110D06636F656467650CFFFFFFFF04FFFFFFFF0CFFFFFFFF0C050000000C050000000CFFFFFFFF0C040000000B0C0600000004000000000CFFFFFFFF110D
310
046C6F6F700CFFFFFFFF04FFFFFFFF0CFFFFFFFF0CFFFFFFFF0C050000000C08000000110E05706C616E650D07737572666163650CFFFFFFFF04FFFFFFFF0CFFFFFFFF131A21F24C1E85F7BF52B81E85EB51F43F00000000000000001400000000000000800000000000000000000000000000F03F14000000000000F0BF00
310
0000000000000000000000000000800B0B0B0B0B110D04666163650CFFFFFFFF04FFFFFFFF0CFFFFFFFF0CFFFFFFFF0C060000000C090000000CFFFFFFFF0C070000000B0A0B110D057368656C6C0CFFFFFFFF04FFFFFFFF0CFFFFFFFF0CFFFFFFFF0CFFFFFFFF0C080000000CFFFFFFFF0C0A000000110D046C756D700CFF
310
FFFFFF04FFFFFFFF0CFFFFFFFF0CFFFFFFFF0C090000000C00000000110E03456E640E026F660E0341534D0D0464617461
  0
ACDSRECORD
 90
        1
  2
AcDbDs::ID
280
    10
320
139
  2
ASM_Data
280
    15
 94
      811
310
41534D2042696E61727946696C65341C57000000000000010000000400000007214F70656E2044657369676E20416C6C69616E63652041434953204275696C646572070E41434953203232332E3030204E540718546875204D61792031342031373A34303A3334203230323606000000000000F03F0648AFBC9AF2D77A3E06
310
BBBDD7D9DF7CDB3D0D04626F64790CFFFFFFFF04FFFFFFFF0CFFFFFFFF0C0A0000000CFFFFFFFF0CFFFFFFFF110D05706F696E740CFFFFFFFF04FFFFFFFF0CFFFFFFFF13EC072B04285C014000000000000000000000000000000000110D067665727465780CFFFFFFFF04FFFFFFFF0CFFFFFFFF0C0400000004020000000C
310
01000000110E07656C6C697073650D0563757276650CFFFFFFFF04FFFFFFFF0CFFFFFFFF1352B81E85EB51F43F000000000000000000000000000000001400000000000000000000000000000000000000000000F03F140AAF6E06C9CCEC3F0000000000000000000000000000008006000000000000F03F0B0B110D046564
310
67650CFFFFFFFF04FFFFFFFF0CFFFFFFFF0C020000000600000000000000000C0200000006182D4454FB2119400C050000000C030000000B0707756E6B6E6F776E110D06636F656467650CFFFFFFFF04FFFFFFFF0CFFFFFFFF0C050000000C050000000CFFFFFFFF0C040000000B0C0600000004000000000CFFFFFFFF110D
310
046C6F6F700CFFFFFFFF04FFFFFFFF0CFFFFFFFF0CFFFFFFFF0C050000000C08000000110E05706C616E650D07737572666163650CFFFFFFFF04FFFFFFFF0CFFFFFFFF131E190687723DEA3F000000000000A03C00000000000000001400000000000000800000000000000000000000000000F03F14000000000000F0BF00
310
0000000000000000000000000000800B0B0B0B0B110D04666163650CFFFFFFFF04FFFFFFFF0CFFFFFFFF0CFFFFFFFF0C060000000C090000000CFFFFFFFF0C070000000B0A0B110D057368656C6C0CFFFFFFFF04FFFFFFFF0CFFFFFFFF0CFFFFFFFF0CFFFFFFFF0C080000000CFFFFFFFF0C0A000000110D046C756D700CFF
310
FFFFFF04FFFFFFFF0CFFFFFFFF0CFFFFFFFF0C090000000C00000000110E03456E640E026F660E0341534D0D0464617461
  0
ACDSRECORD
 90
        1
  2
AcDbDs::ID
280
    10
320
13A
  2
ASM_Data
280
    15
 94
      811
310
41534D2042696E61727946696C65341C57000000000000010000000400000007214F70656E2044657369676E20416C6C69616E63652041434953204275696C646572070E41434953203232332E3030204E540718546875204D61792031342031373A34303A3334203230323606000000000000F03F0648AFBC9AF2D77A3E06
310
BBBDD7D9DF7CDB3D0D04626F64790CFFFFFFFF04FFFFFFFF0CFFFFFFFF0C0A0000000CFFFFFFFF0CFFFFFFFF110D05706F696E740CFFFFFFFF04FFFFFFFF0CFFFFFFFF13E289C51451B8FA3F00000000000000000000000000000000110D067665727465780CFFFFFFFF04FFFFFFFF0CFFFFFFFF0C0400000004020000000C
310
01000000110E07656C6C697073650D0563757276650CFFFFFFFF04FFFFFFFF0CFFFFFFFF1352B81E85EB51F43F000000000000000000000000000000001400000000000000000000000000000000000000000000F03F1442469B3E9699D93F0000000000000000000000000000008006000000000000F03F0B0B110D046564
310
67650CFFFFFFFF04FFFFFFFF0CFFFFFFFF0C020000000600000000000000000C0200000006182D4454FB2119400C050000000C030000000B0707756E6B6E6F776E110D06636F656467650CFFFFFFFF04FFFFFFFF0CFFFFFFFF0C050000000C050000000CFFFFFFFF0C040000000B0C0600000004000000000CFFFFFFFF110D
310
046C6F6F700CFFFFFFFF04FFFFFFFF0CFFFFFFFF0CFFFFFFFF0C050000000C08000000110E05706C616E650D07737572666163650CFFFFFFFF04FFFFFFFF0CFFFFFFFF138A4F4BBDB81EF13F000000000000903C00000000000000001400000000000000800000000000000000000000000000F03F14000000000000F0BF00
310
0000000000000000000000000000800B0B0B0B0B110D04666163650CFFFFFFFF04FFFFFFFF0CFFFFFFFF0CFFFFFFFF0C060000000C090000000CFFFFFFFF0C070000000B0A0B110D057368656C6C0CFFFFFFFF04FFFFFFFF0CFFFFFFFF0CFFFFFFFF0CFFFFFFFF0C080000000CFFFFFFFF0C0A000000110D046C756D700CFF
310
FFFFFF04FFFFFFFF0CFFFFFFFF0CFFFFFFFF0C090000000C00000000110E03456E640E026F660E0341534D0D0464617461
  0
ACDSRECORD
 90
        1
  2
AcDbDs::ID
280
    10
320
13C
  2
ASM_Data
280
    15
 94
      811
310
41534D2042696E61727946696C65341C57000000000000010000000400000007214F70656E2044657369676E20416C6C69616E63652041434953204275696C646572070E41434953203232332E3030204E540718546875204D61792031342031373A34303A3334203230323606000000000000F03F0648AFBC9AF2D77A3E06
310
BBBDD7D9DF7CDB3D0D04626F64790CFFFFFFFF04FFFFFFFF0CFFFFFFFF0C0A0000000CFFFFFFFF0CFFFFFFFF110D05706F696E740CFFFFFFFF04FFFFFFFF0CFFFFFFFF1334839D071CAED7BF52B81E85EB51F4BF0000000000000000110D067665727465780CFFFFFFFF04FFFFFFFF0CFFFFFFFF0C0400000004020000000C
310
01000000110E07656C6C697073650D0563757276650CFFFFFFFF04FFFFFFFF0CFFFFFFFF1352B81E85EB51F4BF52B81E85EB51F4BF00000000000000001400000000000000000000000000000000000000000000F03F140AAF6E06C9CCEC3F0000000000000000000000000000008006000000000000F03F0B0B110D046564
310
67650CFFFFFFFF04FFFFFFFF0CFFFFFFFF0C020000000600000000000000000C0200000006182D4454FB2119400C050000000C030000000B0707756E6B6E6F776E110D06636F656467650CFFFFFFFF04FFFFFFFF0CFFFFFFFF0C050000000C050000000CFFFFFFFF0C040000000B0C0600000004000000000CFFFFFFFF110D
310
046C6F6F700CFFFFFFFF04FFFFFFFF0CFFFFFFFF0CFFFFFFFF0C050000000C08000000110E05706C616E650D07737572666163650CFFFFFFFF04FFFFFFFF0CFFFFFFFF131564BAC61D85FBBF52B81E85EB51F4BF00000000000000001400000000000000800000000000000000000000000000F03F14000000000000F0BF00
310
0000000000000000000000000000800B0B0B0B0B110D04666163650CFFFFFFFF04FFFFFFFF0CFFFFFFFF0CFFFFFFFF0C060000000C090000000CFFFFFFFF0C070000000B0A0B110D057368656C6C0CFFFFFFFF04FFFFFFFF0CFFFFFFFF0CFFFFFFFF0CFFFFFFFF0C080000000CFFFFFFFF0C0A000000110D046C756D700CFF
310
FFFFFF04FFFFFFFF0CFFFFFFFF0CFFFFFFFF0C090000000C00000000110E03456E640E026F660E0341534D0D0464617461
  0
ACDSRECORD
 90
        1
  2
AcDbDs::ID
280
    10
320
13D
  2
ASM_Data
280
    15
 94
      811
310
41534D2042696E61727946696C65341C57000000000000010000000400000007214F70656E2044657369676E20416C6C69616E63652041434953204275696C646572070E41434953203232332E3030204E540718546875204D61792031342031373A34303A3334203230323606000000000000F03F0648AFBC9AF2D77A3E06
310
BBBDD7D9DF7CDB3D0D04626F64790CFFFFFFFF04FFFFFFFF0CFFFFFFFF0C0A0000000CFFFFFFFF0CFFFFFFFF110D05706F696E740CFFFFFFFF04FFFFFFFF0CFFFFFFFF1383CDEFEA0BD7EBBF52B81E85EB51F4BF0000000000000000110D067665727465780CFFFFFFFF04FFFFFFFF0CFFFFFFFF0C0400000004020000000C
310
01000000110E07656C6C697073650D0563757276650CFFFFFFFF04FFFFFFFF0CFFFFFFFF1352B81E85EB51F4BF52B81E85EB51F4BF00000000000000001400000000000000000000000000000000000000000000F03F1442469B3E9699D93F0000000000000000000000000000008006000000000000F03F0B0B110D046564
310
67650CFFFFFFFF04FFFFFFFF0CFFFFFFFF0C020000000600000000000000000C0200000006182D4454FB2119400C050000000C030000000B0707756E6B6E6F776E110D06636F656467650CFFFFFFFF04FFFFFFFF0CFFFFFFFF0C050000000C050000000CFFFFFFFF0C040000000B0C0600000004000000000CFFFFFFFF110D
310
046C6F6F700CFFFFFFFF04FFFFFFFF0CFFFFFFFF0CFFFFFFFF0C050000000C08000000110E05706C616E650D07737572666163650CFFFFFFFF04FFFFFFFF0CFFFFFFFF131A21F24C1E85F7BF52B81E85EB51F4BF00000000000000001400000000000000800000000000000000000000000000F03F14000000000000F0BF00
310
0000000000000000000000000000800B0B0B0B0B110D04666163650CFFFFFFFF04FFFFFFFF0CFFFFFFFF0CFFFFFFFF0C060000000C090000000CFFFFFFFF0C070000000B0A0B110D057368656C6C0CFFFFFFFF04FFFFFFFF0CFFFFFFFF0CFFFFFFFF0CFFFFFFFF0C080000000CFFFFFFFF0C0A000000110D046C756D700CFF
310
FFFFFF04FFFFFFFF0CFFFFFFFF0CFFFFFFFF0C090000000C00000000110E03456E640E026F660E0341534D0D0464617461
  0
ACDSRECORD
 90
        1
  2
AcDbDs::ID
280
    10
320
13F
  2
ASM_Data
280
    15
 94
     1684
310
41534D2042696E61727946696C65341C57000000000000010000000400000007214F70656E2044657369676E20416C6C69616E63652041434953204275696C646572070E41434953203232332E3030204E540718546875204D61792031342031373A34303A3334203230323606000000000000F03F0648AFBC9AF2D77A3E06
310
BBBDD7D9DF7CDB3D0D04626F64790CFFFFFFFF04FFFFFFFF0CFFFFFFFF0C190000000CFFFFFFFF0CFFFFFFFF110D05706F696E740CFFFFFFFF04FFFFFFFF0CFFFFFFFF130EE69FAE285C01C00EE69FAE285C01400000000000000000110D067665727465780CFFFFFFFF04FFFFFFFF0CFFFFFFFF0C1300000004020000000C
310
01000000110D05706F696E740CFFFFFFFF04FFFFFFFF0CFFFFFFFF131892F6B316AED7BF0EE69FAE285C01400000000000000000110D067665727465780CFFFFFFFF04FFFFFFFF0CFFFFFFFF0C0D00000004020000000C03000000110D05706F696E740CFFFFFFFF04FFFFFFFF0CFFFFFFFF131892F6B316AED7BF1892F6B3
310
16AED73F0000000000000000110D067665727465780CFFFFFFFF04FFFFFFFF0CFFFFFFFF0C1000000004020000000C05000000110D05706F696E740CFFFFFFFF04FFFFFFFF0CFFFFFFFF130EE69FAE285C01C01892F6B316AED73F0000000000000000110D067665727465780CFFFFFFFF04FFFFFFFF0CFFFFFFFF0C130000
310
0004020000000C07000000110E0873747261696768740D0563757276650CFFFFFFFF04FFFFFFFF0CFFFFFFFF130EE69FAE285C01C00EE69FAE285C0140000000000000000014962742B0CBCCFC3F000000000000000000000000000000000B0B110D04656467650CFFFFFFFF04FFFFFFFF0CFFFFFFFF0C0200000006000000
310
00000000000C0400000006000000000000F03F0C0B0000000C090000000B0707756E6B6E6F776E110D06636F656467650CFFFFFFFF04FFFFFFFF0CFFFFFFFF0C0E0000000C140000000CFFFFFFFF0C0A0000000B0C1500000004000000000CFFFFFFFF110E0873747261696768740D0563757276650CFFFFFFFF04FFFFFFFF
310
0CFFFFFFFF131892F6B316AED7BF0EE69FAE285C01400000000000000000140000000000000000962742B0CBCCFCBF00000000000000000B0B110D04656467650CFFFFFFFF04FFFFFFFF0CFFFFFFFF0C040000000600000000000000000C0600000006000000000000F03F0C0E0000000C0C0000000B0707756E6B6E6F776E
310
110D06636F656467650CFFFFFFFF04FFFFFFFF0CFFFFFFFF0C110000000C0B0000000CFFFFFFFF0C0D0000000B0C1500000004000000000CFFFFFFFF110E0873747261696768740D0563757276650CFFFFFFFF04FFFFFFFF0CFFFFFFFF131892F6B316AED7BF1892F6B316AED73F000000000000000014962742B0CBCCFCBF
310
000000000000000000000000000000000B0B110D04656467650CFFFFFFFF04FFFFFFFF0CFFFFFFFF0C060000000600000000000000000C0800000006000000000000F03F0C110000000C0F0000000B0707756E6B6E6F776E110D06636F656467650CFFFFFFFF04FFFFFFFF0CFFFFFFFF0C140000000C0E0000000CFFFFFFFF
310
0C100000000B0C1500000004000000000CFFFFFFFF110E0873747261696768740D0563757276650CFFFFFFFF04FFFFFFFF0CFFFFFFFF130EE69FAE285C01C01892F6B316AED73F0000000000000000140000000000000000962742B0CBCCFC3F00000000000000000B0B110D04656467650CFFFFFFFF04FFFFFFFF0CFFFFFF
310
FF0C080000000600000000000000000C0200000006000000000000F03F0C140000000C120000000B0707756E6B6E6F776E110D06636F656467650CFFFFFFFF04FFFFFFFF0CFFFFFFFF0C0B0000000C110000000CFFFFFFFF0C130000000B0C1500000004000000000CFFFFFFFF110D046C6F6F700CFFFFFFFF04FFFFFFFF0C
310
FFFFFFFF0CFFFFFFFF0C0B0000000C17000000110E05706C616E650D07737572666163650CFFFFFFFF04FFFFFFFF0CFFFFFFFF1351B81E85EB51F4BF51B81E85EB51F43F00000000000000001400000000000000000000000000000000000000000000F0BF14000000000000F0BF000000000000000000000000000000800B
310
0B0B0B0B110D04666163650CFFFFFFFF04FFFFFFFF0CFFFFFFFF0CFFFFFFFF0C150000000C180000000CFFFFFFFF0C160000000B0A0B110D057368656C6C0CFFFFFFFF04FFFFFFFF0CFFFFFFFF0CFFFFFFFF0CFFFFFFFF0C170000000CFFFFFFFF0C19000000110D046C756D700CFFFFFFFF04FFFFFFFF0CFFFFFFFF0CFFFF
310
FFFF0C180000000C00000000110E03456E640E026F660E0341534D0D0464617461
  0
ACDSRECORD
 90
        1
  2
AcDbDs::ID
280
    10
320
140
  2
ASM_Data
280
    15
 94
      811
310
41534D2042696E61727946696C65341C57000000000000010000000400000007214F70656E2044657369676E20416C6C69616E63652041434953204275696C646572070E41434953203232332E3030204E540718546875204D61792031342031373A34303A3334203230323606000000000000F03F0648AFBC9AF2D77A3E06
310
BBBDD7D9DF7CDB3D0D04626F64790CFFFFFFFF04FFFFFFFF0CFFFFFFFF0C0A0000000CFFFFFFFF0CFFFFFFFF110D05706F696E740CFFFFFFFF04FFFFFFFF0CFFFFFFFF1383CDEFEA0BD7EBBF52B81E85EB51F43F0000000000000000110D067665727465780CFFFFFFFF04FFFFFFFF0CFFFFFFFF0C0400000004020000000C
310
01000000110E07656C6C697073650D0563757276650CFFFFFFFF04FFFFFFFF0CFFFFFFFF1352B81E85EB51F4BF52B81E85EB51F43F00000000000000001400000000000000000000000000000000000000000000F03F1442469B3E9699D93F0000000000000000000000000000008006000000000000F03F0B0B110D046564
310
67650CFFFFFFFF04FFFFFFFF0CFFFFFFFF0C020000000600000000000000000C0200000006182D4454FB2119400C050000000C030000000B0707756E6B6E6F776E110D06636F656467650CFFFFFFFF04FFFFFFFF0CFFFFFFFF0C050000000C050000000CFFFFFFFF0C040000000B0C0600000004000000000CFFFFFFFF110D
310
046C6F6F700CFFFFFFFF04FFFFFFFF0CFFFFFFFF0CFFFFFFFF0C050000000C08000000110E05706C616E650D07737572666163650CFFFFFFFF04FFFFFFFF0CFFFFFFFF131A21F24C1E85F7BF52B81E85EB51F43F00000000000000001400000000000000800000000000000000000000000000F03F14000000000000F0BF00
310
0000000000000000000000000000800B0B0B0B0B110D04666163650CFFFFFFFF04FFFFFFFF0CFFFFFFFF0CFFFFFFFF0C060000000C090000000CFFFFFFFF0C070000000B0A0B110D057368656C6C0CFFFFFFFF04FFFFFFFF0CFFFFFFFF0CFFFFFFFF0CFFFFFFFF0C080000000CFFFFFFFF0C0A000000110D046C756D700CFF
310
FFFFFF04FFFFFFFF0CFFFFFFFF0CFFFFFFFF0C090000000C00000000110E03456E640E026F660E0341534D0D0464617461
  0
ACDSRECORD
 90
        1
  2
AcDbDs::ID
280
    10
320
151
  2
ASM_Data
280
    15
 94
      811
310
41534D2042696E61727946696C65341C57000000000000010000000400000007214F70656E2044657369676E20416C6C69616E63652041434953204275696C646572070E41434953203232332E3030204E540718546875204D61792031342031373A34303A3334203230323606000000000000F03F0648AFBC9AF2D77A3E06
310
BBBDD7D9DF7CDB3D0D04626F64790CFFFFFFFF04FFFFFFFF0CFFFFFFFF0C0A0000000CFFFFFFFF0CFFFFFFFF110D05706F696E740CFFFFFFFF04FFFFFFFF0CFFFFFFFF137684F4900000F03F00000000000000000000000000000000110D067665727465780CFFFFFFFF04FFFFFFFF0CFFFFFFFF0C0400000004020000000C
310
01000000110E07656C6C697073650D0563757276650CFFFFFFFF04FFFFFFFF0CFFFFFFFF130000000000000000000000000000000000000000000000001400000000000000000000000000000000000000000000F03F147684F4900000F03F0000000000000000000000000000008006000000000000F03F0B0B110D046564
310
67650CFFFFFFFF04FFFFFFFF0CFFFFFFFF0C020000000600000000000000000C0200000006182D4454FB2119400C050000000C030000000B0707756E6B6E6F776E110D06636F656467650CFFFFFFFF04FFFFFFFF0CFFFFFFFF0C050000000C050000000CFFFFFFFF0C040000000B0C0600000004000000000CFFFFFFFF110D
310
046C6F6F700CFFFFFFFF04FFFFFFFF0CFFFFFFFF0CFFFFFFFF0C050000000C08000000110E05706C616E650D07737572666163650CFFFFFFFF04FFFFFFFF0CFFFFFFFF137784F4900000E0BF000000000000A03C00000000000000001400000000000000800000000000000000000000000000F03F14000000000000F0BF00
310
0000000000000000000000000000800B0B0B0B0B110D04666163650CFFFFFFFF04FFFFFFFF0CFFFFFFFF0CFFFFFFFF0C060000000C090000000CFFFFFFFF0C070000000B0A0B110D057368656C6C0CFFFFFFFF04FFFFFFFF0CFFFFFFFF0CFFFFFFFF0CFFFFFFFF0C080000000CFFFFFFFF0C0A000000110D046C756D700CFF
310
FFFFFF04FFFFFFFF0CFFFFFFFF0CFFFFFFFF0C090000000C00000000110E03456E640E026F660E0341534D0D0464617461
  0
ACDSRECORD
 90
        1
  2
AcDbDs::ID
280
    10
320
152
  2
ASM_Data
280
    15
 94
      811
310
41534D2042696E61727946696C65341C57000000000000010000000400000007214F70656E2044657369676E20416C6C69616E63652041434953204275696C646572070E41434953203232332E3030204E540718546875204D61792031342031373A34303A3334203230323606000000000000F03F0648AFBC9AF2D77A3E06
310
BBBDD7D9DF7CDB3D0D04626F64790CFFFFFFFF04FFFFFFFF0CFFFFFFFF0C0A0000000CFFFFFFFF0CFFFFFFFF110D05706F696E740CFFFFFFFF04FFFFFFFF0CFFFFFFFF131529DE12CACCE43F00000000000000000000000000000000110D067665727465780CFFFFFFFF04FFFFFFFF0CFFFFFFFF0C0400000004020000000C
310
01000000110E07656C6C697073650D0563757276650CFFFFFFFF04FFFFFFFF0CFFFFFFFF130000000000000000000000000000000000000000000000001400000000000000000000000000000000000000000000F03F141529DE12CACCE43F0000000000000000000000000000008006000000000000F03F0B0B110D046564
310
67650CFFFFFFFF04FFFFFFFF0CFFFFFFFF0C020000000600000000000000000C0200000006182D4454FB2119400C050000000C030000000B0707756E6B6E6F776E110D06636F656467650CFFFFFFFF04FFFFFFFF0CFFFFFFFF0C050000000C050000000CFFFFFFFF0C040000000B0C0600000004000000000CFFFFFFFF110D
310
046C6F6F700CFFFFFFFF04FFFFFFFF0CFFFFFFFF0CFFFFFFFF0C050000000C08000000110E05706C616E650D07737572666163650CFFFFFFFF04FFFFFFFF0CFFFFFFFF131629DE12CACCD4BF000000000000A03C00000000000000001400000000000000800000000000000000000000000000F03F14000000000000F0BF00
310
0000000000000000000000000000800B0B0B0B0B110D04666163650CFFFFFFFF04FFFFFFFF0CFFFFFFFF0CFFFFFFFF0C060000000C090000000CFFFFFFFF0C070000000B0A0B110D057368656C6C0CFFFFFFFF04FFFFFFFF0CFFFFFFFF0CFFFFFFFF0CFFFFFFFF0C080000000CFFFFFFFF0C0A000000110D046C756D700CFF
310
FFFFFF04FFFFFFFF0CFFFFFFFF0CFFFFFFFF0C090000000C00000000110E03456E640E026F660E0341534D0D0464617461
  0
ACDSRECORD
 90
        1
  2
AcDbDs::ID
280
    10
320
154
  2
ASM_Data
280
    15
 94
      811
310
41534D2042696E61727946696C65341C57000000000000010000000400000007214F70656E2044657369676E20416C6C69616E63652041434953204275696C646572070E41434953203232332E3030204E540718546875204D61792031342031373A34303A3334203230323606000000000000F03F0648AFBC9AF2D77A3E06
310
BBBDD7D9DF7CDB3D0D04626F64790CFFFFFFFF04FFFFFFFF0CFFFFFFFF0C0A0000000CFFFFFFFF0CFFFFFFFF110D05706F696E740CFFFFFFFF04FFFFFFFF0CFFFFFFFF138DFA98CDEB510C4000000000000000000000000000000000110D067665727465780CFFFFFFFF04FFFFFFFF0CFFFFFFFF0C0400000004020000000C
310
01000000110E07656C6C697073650D0563757276650CFFFFFFFF04FFFFFFFF0CFFFFFFFF1352B81E85EB510440000000000000000000000000000000001400000000000000000000000000000000000000000000F03F147684F4900000F03F0000000000000000000000000000008006000000000000F03F0B0B110D046564
310
67650CFFFFFFFF04FFFFFFFF0CFFFFFFFF0C020000000600000000000000000C0200000006182D4454FB2119400C050000000C030000000B0707756E6B6E6F776E110D06636F656467650CFFFFFFFF04FFFFFFFF0CFFFFFFFF0C050000000C050000000CFFFFFFFF0C040000000B0C0600000004000000000CFFFFFFFF110D
310
046C6F6F700CFFFFFFFF04FFFFFFFF0CFFFFFFFF0CFFFFFFFF0C050000000C08000000110E05706C616E650D07737572666163650CFFFFFFFF04FFFFFFFF0CFFFFFFFF133497E160EB510040000000000000A03C00000000000000001400000000000000800000000000000000000000000000F03F14000000000000F0BF00
310
0000000000000000000000000000800B0B0B0B0B110D04666163650CFFFFFFFF04FFFFFFFF0CFFFFFFFF0CFFFFFFFF0C060000000C090000000CFFFFFFFF0C070000000B0A0B110D057368656C6C0CFFFFFFFF04FFFFFFFF0CFFFFFFFF0CFFFFFFFF0CFFFFFFFF0C080000000CFFFFFFFF0C0A000000110D046C756D700CFF
310
FFFFFF04FFFFFFFF0CFFFFFFFF0CFFFFFFFF0C090000000C00000000110E03456E640E026F660E0341534D0D0464617461
  0
ACDSRECORD
 90
        1
  2
AcDbDs::ID
280
    10
320
155
  2
ASM_Data
280
    15
 94
      811
310
41534D2042696E61727946696C65341C57000000000000010000000400000007214F70656E2044657369676E20416C6C69616E63652041434953204275696C646572070E41434953203232332E3030204E540718546875204D61792031342031373A34303A3334203230323606000000000000F03F0648AFBC9AF2D77A3E06
310
BBBDD7D9DF7CDB3D0D04626F64790CFFFFFFFF04FFFFFFFF0CFFFFFFFF0C0A0000000CFFFFFFFF0CFFFFFFFF110D05706F696E740CFFFFFFFF04FFFFFFFF0CFFFFFFFF139742D6091E85094000000000000000000000000000000000110D067665727465780CFFFFFFFF04FFFFFFFF0CFFFFFFFF0C0400000004020000000C
310
01000000110E07656C6C697073650D0563757276650CFFFFFFFF04FFFFFFFF0CFFFFFFFF1352B81E85EB510440000000000000000000000000000000001400000000000000000000000000000000000000000000F03F141529DE12CACCE43F0000000000000000000000000000008006000000000000F03F0B0B110D046564
310
67650CFFFFFFFF04FFFFFFFF0CFFFFFFFF0C020000000600000000000000000C0200000006182D4454FB2119400C050000000C030000000B0707756E6B6E6F776E110D06636F656467650CFFFFFFFF04FFFFFFFF0CFFFFFFFF0C050000000C050000000CFFFFFFFF0C040000000B0C0600000004000000000CFFFFFFFF110D
310
046C6F6F700CFFFFFFFF04FFFFFFFF0CFFFFFFFF0CFFFFFFFF0C050000000C08000000110E05706C616E650D07737572666163650CFFFFFFFF04FFFFFFFF0CFFFFFFFF1330F3C24252B80140000000000000A03C00000000000000001400000000000000800000000000000000000000000000F03F14000000000000F0BF00
310
0000000000000000000000000000800B0B0B0B0B110D04666163650CFFFFFFFF04FFFFFFFF0CFFFFFFFF0CFFFFFFFF0C060000000C090000000CFFFFFFFF0C070000000B0A0B110D057368656C6C0CFFFFFFFF04FFFFFFFF0CFFFFFFFF0CFFFFFFFF0CFFFFFFFF0C080000000CFFFFFFFF0C0A000000110D046C756D700CFF
310
FFFFFF04FFFFFFFF0CFFFFFFFF0CFFFFFFFF0C090000000C00000000110E03456E640E026F660E0341534D0D0464617461
  0
ACDSRECORD
 90
        1
  2
AcDbDs::ID
280
    10
320
157
  2
ASM_Data
280
    15
 94
      811
310
41534D2042696E61727946696C65341C57000000000000010000000400000007214F70656E2044657369676E20416C6C69616E63652041434953204275696C646572070E41434953203232332E3030204E540718546875204D61792031342031373A34303A3334203230323606000000000000F03F0648AFBC9AF2D77A3E06
310
BBBDD7D9DF7CDB3D0D04626F64790CFFFFFFFF04FFFFFFFF0CFFFFFFFF0C0A0000000CFFFFFFFF0CFFFFFFFF110D05706F696E740CFFFFFFFF04FFFFFFFF0CFFFFFFFF1370D95BA9EB51184000000000000000000000000000000000110D067665727465780CFFFFFFFF04FFFFFFFF0CFFFFFFFF0C0400000004020000000C
310
01000000110E07656C6C697073650D0563757276650CFFFFFFFF04FFFFFFFF0CFFFFFFFF1352B81E85EB511440000000000000000000000000000000001400000000000000000000000000000000000000000000F03F147684F4900000F03F0000000000000000000000000000008006000000000000F03F0B0B110D046564
310
67650CFFFFFFFF04FFFFFFFF0CFFFFFFFF0C020000000600000000000000000C0200000006182D4454FB2119400C050000000C030000000B0707756E6B6E6F776E110D06636F656467650CFFFFFFFF04FFFFFFFF0CFFFFFFFF0C050000000C050000000CFFFFFFFF0C040000000B0C0600000004000000000CFFFFFFFF110D
310
046C6F6F700CFFFFFFFF04FFFFFFFF0CFFFFFFFF0CFFFFFFFF0C050000000C08000000110E05706C616E650D07737572666163650CFFFFFFFF04FFFFFFFF0CFFFFFFFF13C4270073EB511240000000000000A03C00000000000000001400000000000000800000000000000000000000000000F03F14000000000000F0BF00
310
0000000000000000000000000000800B0B0B0B0B110D04666163650CFFFFFFFF04FFFFFFFF0CFFFFFFFF0CFFFFFFFF0C060000000C090000000CFFFFFFFF0C070000000B0A0B110D057368656C6C0CFFFFFFFF04FFFFFFFF0CFFFFFFFF0CFFFFFFFF0CFFFFFFFF0C080000000CFFFFFFFF0C0A000000110D046C756D700CFF
310
FFFFFF04FFFFFFFF0CFFFFFFFF0CFFFFFFFF0C090000000C00000000110E03456E640E026F660E0341534D0D0464617461
  0
ACDSRECORD
 90
        1
  2
AcDbDs::ID
280
    10
320
158
  2
ASM_Data
280
    15
 94
      811
310
41534D2042696E61727946696C65341C57000000000000010000000400000007214F70656E2044657369676E20416C6C69616E63652041434953204275696C646572070E41434953203232332E3030204E540718546875204D61792031342031373A34303A3334203230323606000000000000F03F0648AFBC9AF2D77A3E06
310
BBBDD7D9DF7CDB3D0D04626F64790CFFFFFFFF04FFFFFFFF0CFFFFFFFF0C0A0000000CFFFFFFFF0CFFFFFFFF110D05706F696E740CFFFFFFFF04FFFFFFFF0CFFFFFFFF13757D7AC784EB164000000000000000000000000000000000110D067665727465780CFFFFFFFF04FFFFFFFF0CFFFFFFFF0C0400000004020000000C
310
01000000110E07656C6C697073650D0563757276650CFFFFFFFF04FFFFFFFF0CFFFFFFFF1352B81E85EB511440000000000000000000000000000000001400000000000000000000000000000000000000000000F03F141529DE12CACCE43F0000000000000000000000000000008006000000000000F03F0B0B110D046564
310
67650CFFFFFFFF04FFFFFFFF0CFFFFFFFF0C020000000600000000000000000C0200000006182D4454FB2119400C050000000C030000000B0707756E6B6E6F776E110D06636F656467650CFFFFFFFF04FFFFFFFF0CFFFFFFFF0C050000000C050000000CFFFFFFFF0C040000000B0C0600000004000000000CFFFFFFFF110D
310
046C6F6F700CFFFFFFFF04FFFFFFFF0CFFFFFFFF0CFFFFFFFF0C050000000C08000000110E05706C616E650D07737572666163650CFFFFFFFF04FFFFFFFF0CFFFFFFFF13C0D5F0E31E051340000000000000A03C00000000000000001400000000000000800000000000000000000000000000F03F14000000000000F0BF00
310
0000000000000000000000000000800B0B0B0B0B110D04666163650CFFFFFFFF04FFFFFFFF0CFFFFFFFF0CFFFFFFFF0C060000000C090000000CFFFFFFFF0C070000000B0A0B110D057368656C6C0CFFFFFFFF04FFFFFFFF0CFFFFFFFF0CFFFFFFFF0CFFFFFFFF0C080000000CFFFFFFFF0C0A000000110D046C756D700CFF
310
FFFFFF04FFFFFFFF0CFFFFFFFF0CFFFFFFFF0C090000000C00000000110E03456E640E026F660E0341534D0D0464617461
  0
ACDSRECORD
 90
        1
  2
AcDbDs::ID
280
    10
320
15A
  2
ASM_Data
280
    15
 94
      811
310
41534D2042696E61727946696C65341C57000000000000010000000400000007214F70656E2044657369676E20416C6C69616E63652041434953204275696C646572070E41434953203232332E3030204E540718546875204D61792031342031373A34303A3334203230323606000000000000F03F0648AFBC9AF2D77A3E06
310
BBBDD7D9DF7CDB3D0D04626F64790CFFFFFFFF04FFFFFFFF0CFFFFFFFF0C0A0000000CFFFFFFFF0CFFFFFFFF110D05706F696E740CFFFFFFFF04FFFFFFFF0CFFFFFFFF13CC9AF5B5703D214000000000000000000000000000000000110D067665727465780CFFFFFFFF04FFFFFFFF0CFFFFFFFF0C0400000004020000000C
310
01000000110E07656C6C697073650D0563757276650CFFFFFFFF04FFFFFFFF0CFFFFFFFF137A14AE47E17A1E40000000000000000000000000000000001400000000000000000000000000000000000000000000F03F147684F4900000F03F0000000000000000000000000000008006000000000000F03F0B0B110D046564
310
67650CFFFFFFFF04FFFFFFFF0CFFFFFFFF0C020000000600000000000000000C0200000006182D4454FB2119400C050000000C030000000B0707756E6B6E6F776E110D06636F656467650CFFFFFFFF04FFFFFFFF0CFFFFFFFF0C050000000C050000000CFFFFFFFF0C040000000B0C0600000004000000000CFFFFFFFF110D
310
046C6F6F700CFFFFFFFF04FFFFFFFF0CFFFFFFFF0CFFFFFFFF0C050000000C08000000110E05706C616E650D07737572666163650CFFFFFFFF04FFFFFFFF0CFFFFFFFF13EC838F35E17A1C40000000000000A03C00000000000000001400000000000000800000000000000000000000000000F03F14000000000000F0BF00
310
0000000000000000000000000000800B0B0B0B0B110D04666163650CFFFFFFFF04FFFFFFFF0CFFFFFFFF0CFFFFFFFF0C060000000C090000000CFFFFFFFF0C070000000B0A0B110D057368656C6C0CFFFFFFFF04FFFFFFFF0CFFFFFFFF0CFFFFFFFF0CFFFFFFFF0C080000000CFFFFFFFF0C0A000000110D046C756D700CFF
310
FFFFFF04FFFFFFFF0CFFFFFFFF0CFFFFFFFF0C090000000C00000000110E03456E640E026F660E0341534D0D0464617461
  0
ACDSRECORD
 90
        1
  2
AcDbDs::ID
280
    10
320
15B
  2
ASM_Data
280
    15
 94
      811
310
41534D2042696E61727946696C65341C57000000000000010000000400000007214F70656E2044657369676E20416C6C69616E63652041434953204275696C646572070E41434953203232332E3030204E540718546875204D61792031342031373A34303A3334203230323606000000000000F03F0648AFBC9AF2D77A3E06
310
BBBDD7D9DF7CDB3D0D04626F64790CFFFFFFFF04FFFFFFFF0CFFFFFFFF0C0A0000000CFFFFFFFF0CFFFFFFFF110D05706F696E740CFFFFFFFF04FFFFFFFF0CFFFFFFFF13CEEC04453D8A204000000000000000000000000000000000110D067665727465780CFFFFFFFF04FFFFFFFF0CFFFFFFFF0C0400000004020000000C
310
01000000110E07656C6C697073650D0563757276650CFFFFFFFF04FFFFFFFF0CFFFFFFFF137A14AE47E17A1E40000000000000000000000000000000001400000000000000000000000000000000000000000000F03F141529DE12CACCE43F0000000000000000000000000000008006000000000000F03F0B0B110D046564
310
67650CFFFFFFFF04FFFFFFFF0CFFFFFFFF0C020000000600000000000000000C0200000006182D4454FB2119400C050000000C030000000B0707756E6B6E6F776E110D06636F656467650CFFFFFFFF04FFFFFFFF0CFFFFFFFF0C050000000C050000000CFFFFFFFF0C040000000B0C0600000004000000000CFFFFFFFF110D
310
046C6F6F700CFFFFFFFF04FFFFFFFF0CFFFFFFFF0CFFFFFFFF0C050000000C08000000110E05706C616E650D07737572666163650CFFFFFFFF04FFFFFFFF0CFFFFFFFF13E83180A6142E1D40000000000000A03C00000000000000001400000000000000800000000000000000000000000000F03F14000000000000F0BF00
310
0000000000000000000000000000800B0B0B0B0B110D04666163650CFFFFFFFF04FFFFFFFF0CFFFFFFFF0CFFFFFFFF0C060000000C090000000CFFFFFFFF0C070000000B0A0B110D057368656C6C0CFFFFFFFF04FFFFFFFF0CFFFFFFFF0CFFFFFFFF0CFFFFFFFF0C080000000CFFFFFFFF0C0A000000110D046C756D700CFF
310
FFFFFF04FFFFFFFF0CFFFFFFFF0CFFFFFFFF0C090000000C00000000110E03456E640E026F660E0341534D0D0464617461
  0
ACDSRECORD
 90
        1
  2
AcDbDs::ID
280
    10
320
16D
  2
ASM_Data
280
    15
 94
      811
310
41534D2042696E61727946696C65341C57000000000000010000000400000007214F70656E2044657369676E20416C6C69616E63652041434953204275696C646572070E41434953203232332E3030204E540718546875204D61792031342031373A34303A3334203230323606000000000000F03F0648AFBC9AF2D77A3E06
310
BBBDD7D9DF7CDB3D0D04626F64790CFFFFFFFF04FFFFFFFF0CFFFFFFFF0C0A0000000CFFFFFFFF0CFFFFFFFF110D05706F696E740CFFFFFFFF04FFFFFFFF0CFFFFFFFF137684F4900000F03F52B81E85EB5104C00000000000000000110D067665727465780CFFFFFFFF04FFFFFFFF0CFFFFFFFF0C0400000004020000000C
310
01000000110E07656C6C697073650D0563757276650CFFFFFFFF04FFFFFFFF0CFFFFFFFF13000000000000000052B81E85EB5104C000000000000000001400000000000000000000000000000000000000000000F03F147684F4900000F03F0000000000000000000000000000008006000000000000F03F0B0B110D046564
310
67650CFFFFFFFF04FFFFFFFF0CFFFFFFFF0C020000000600000000000000000C0200000006182D4454FB2119400C050000000C030000000B0707756E6B6E6F776E110D06636F656467650CFFFFFFFF04FFFFFFFF0CFFFFFFFF0C050000000C050000000CFFFFFFFF0C040000000B0C0600000004000000000CFFFFFFFF110D
310
046C6F6F700CFFFFFFFF04FFFFFFFF0CFFFFFFFF0CFFFFFFFF0C050000000C08000000110E05706C616E650D07737572666163650CFFFFFFFF04FFFFFFFF0CFFFFFFFF137784F4900000E0BF52B81E85EB5104C000000000000000001400000000000000800000000000000000000000000000F03F14000000000000F0BF00
310
0000000000000000000000000000800B0B0B0B0B110D04666163650CFFFFFFFF04FFFFFFFF0CFFFFFFFF0CFFFFFFFF0C060000000C090000000CFFFFFFFF0C070000000B0A0B110D057368656C6C0CFFFFFFFF04FFFFFFFF0CFFFFFFFF0CFFFFFFFF0CFFFFFFFF0C080000000CFFFFFFFF0C0A000000110D046C756D700CFF
310
FFFFFF04FFFFFFFF0CFFFFFFFF0CFFFFFFFF0C090000000C00000000110E03456E640E026F660E0341534D0D0464617461
  0
ACDSRECORD
 90
        1
  2
AcDbDs::ID
280
    10
320
16E
  2
ASM_Data
280
    15
 94
      811
310
41534D2042696E61727946696C65341C57000000000000010000000400000007214F70656E2044657369676E20416C6C69616E63652041434953204275696C646572070E41434953203232332E3030204E540718546875204D61792031342031373A34303A3334203230323606000000000000F03F0648AFBC9AF2D77A3E06
310
BBBDD7D9DF7CDB3D0D04626F64790CFFFFFFFF04FFFFFFFF0CFFFFFFFF0C0A0000000CFFFFFFFF0CFFFFFFFF110D05706F696E740CFFFFFFFF04FFFFFFFF0CFFFFFFFF13D31742CEFBFFDF3F52B81E85EB5104C00000000000000000110D067665727465780CFFFFFFFF04FFFFFFFF0CFFFFFFFF0C0400000004020000000C
310
01000000110E07656C6C697073650D0563757276650CFFFFFFFF04FFFFFFFF0CFFFFFFFF13000000000000000052B81E85EB5104C000000000000000001400000000000000000000000000000000000000000000F03F14D31742CEFBFFDF3F0000000000000000000000000000008006000000000000F03F0B0B110D046564
310
67650CFFFFFFFF04FFFFFFFF0CFFFFFFFF0C020000000600000000000000000C0200000006182D4454FB2119400C050000000C030000000B0707756E6B6E6F776E110D06636F656467650CFFFFFFFF04FFFFFFFF0CFFFFFFFF0C050000000C050000000CFFFFFFFF0C040000000B0C0600000004000000000CFFFFFFFF110D
310
046C6F6F700CFFFFFFFF04FFFFFFFF0CFFFFFFFF0CFFFFFFFF0C050000000C08000000110E05706C616E650D07737572666163650CFFFFFFFF04FFFFFFFF0CFFFFFFFF13D51742CEFBFFCFBF52B81E85EB5104C000000000000000001400000000000000800000000000000000000000000000F03F14000000000000F0BF00
310
0000000000000000000000000000800B0B0B0B0B110D04666163650CFFFFFFFF04FFFFFFFF0CFFFFFFFF0CFFFFFFFF0C060000000C090000000CFFFFFFFF0C070000000B0A0B110D057368656C6C0CFFFFFFFF04FFFFFFFF0CFFFFFFFF0CFFFFFFFF0CFFFFFFFF0C080000000CFFFFFFFF0C0A000000110D046C756D700CFF
310
FFFFFF04FFFFFFFF0CFFFFFFFF0CFFFFFFFF0C090000000C00000000110E03456E640E026F660E0341534D0D0464617461
  0
ACDSRECORD
 90
        1
  2
AcDbDs::ID
280
    10
320
170
  2
ASM_Data
280
    15
 94
     1684
310
41534D2042696E61727946696C65341C57000000000000010000000400000007214F70656E2044657369676E20416C6C69616E63652041434953204275696C646572070E41434953203232332E3030204E540718546875204D61792031342031373A34303A3334203230323606000000000000F03F0648AFBC9AF2D77A3E06
310
BBBDD7D9DF7CDB3D0D04626F64790CFFFFFFFF04FFFFFFFF0CFFFFFFFF0C190000000CFFFFFFFF0CFFFFFFFF110D05706F696E740CFFFFFFFF04FFFFFFFF0CFFFFFFFF137684F4900000F0BF7684F4900000F03F0000000000000000110D067665727465780CFFFFFFFF04FFFFFFFF0CFFFFFFFF0C1300000004020000000C
310
01000000110D05706F696E740CFFFFFFFF04FFFFFFFF0CFFFFFFFF137684F4900000F03F7684F4900000F03F0000000000000000110D067665727465780CFFFFFFFF04FFFFFFFF0CFFFFFFFF0C0D00000004020000000C03000000110D05706F696E740CFFFFFFFF04FFFFFFFF0CFFFFFFFF137684F4900000F03F7684F490
310
0000F0BF0000000000000000110D067665727465780CFFFFFFFF04FFFFFFFF0CFFFFFFFF0C1000000004020000000C05000000110D05706F696E740CFFFFFFFF04FFFFFFFF0CFFFFFFFF137684F4900000F0BF7684F4900000F0BF0000000000000000110D067665727465780CFFFFFFFF04FFFFFFFF0CFFFFFFFF0C130000
310
0004020000000C07000000110E0873747261696768740D0563757276650CFFFFFFFF04FFFFFFFF0CFFFFFFFF137684F4900000F0BF7684F4900000F03F0000000000000000147684F49000000040000000000000000000000000000000000B0B110D04656467650CFFFFFFFF04FFFFFFFF0CFFFFFFFF0C0200000006000000
310
00000000000C0400000006000000000000F03F0C0B0000000C090000000B0707756E6B6E6F776E110D06636F656467650CFFFFFFFF04FFFFFFFF0CFFFFFFFF0C0E0000000C140000000CFFFFFFFF0C0A0000000B0C1500000004000000000CFFFFFFFF110E0873747261696768740D0563757276650CFFFFFFFF04FFFFFFFF
310
0CFFFFFFFF137684F4900000F03F7684F4900000F03F00000000000000001400000000000000007684F490000000C000000000000000000B0B110D04656467650CFFFFFFFF04FFFFFFFF0CFFFFFFFF0C040000000600000000000000000C0600000006000000000000F03F0C0E0000000C0C0000000B0707756E6B6E6F776E
310
110D06636F656467650CFFFFFFFF04FFFFFFFF0CFFFFFFFF0C110000000C0B0000000CFFFFFFFF0C0D0000000B0C1500000004000000000CFFFFFFFF110E0873747261696768740D0563757276650CFFFFFFFF04FFFFFFFF0CFFFFFFFF137684F4900000F03F7684F4900000F0BF0000000000000000147684F490000000C0
310
000000000000000000000000000000000B0B110D04656467650CFFFFFFFF04FFFFFFFF0CFFFFFFFF0C060000000600000000000000000C0800000006000000000000F03F0C110000000C0F0000000B0707756E6B6E6F776E110D06636F656467650CFFFFFFFF04FFFFFFFF0CFFFFFFFF0C140000000C0E0000000CFFFFFFFF
310
0C100000000B0C1500000004000000000CFFFFFFFF110E0873747261696768740D0563757276650CFFFFFFFF04FFFFFFFF0CFFFFFFFF137684F4900000F0BF7684F4900000F0BF00000000000000001400000000000000007684F4900000004000000000000000000B0B110D04656467650CFFFFFFFF04FFFFFFFF0CFFFFFF
310
FF0C080000000600000000000000000C0200000006000000000000F03F0C140000000C120000000B0707756E6B6E6F776E110D06636F656467650CFFFFFFFF04FFFFFFFF0CFFFFFFFF0C0B0000000C110000000CFFFFFFFF0C130000000B0C1500000004000000000CFFFFFFFF110D046C6F6F700CFFFFFFFF04FFFFFFFF0C
310
FFFFFFFF0CFFFFFFFF0C0B0000000C17000000110E05706C616E650D07737572666163650CFFFFFFFF04FFFFFFFF0CFFFFFFFF130000000000000000000000000000000000000000000000001400000000000000000000000000000000000000000000F0BF14000000000000F0BF000000000000000000000000000000800B
310
0B0B0B0B110D04666163650CFFFFFFFF04FFFFFFFF0CFFFFFFFF0CFFFFFFFF0C150000000C180000000CFFFFFFFF0C160000000B0A0B110D057368656C6C0CFFFFFFFF04FFFFFFFF0CFFFFFFFF0CFFFFFFFF0CFFFFFFFF0C170000000CFFFFFFFF0C19000000110D046C756D700CFFFFFFFF04FFFFFFFF0CFFFFFFFF0CFFFF
310
FFFF0C180000000C00000000110E03456E640E026F660E0341534D0D0464617461
  0
ACDSRECORD
 90
        1
  2
AcDbDs::ID
280
    10
320
171
  2
ASM_Data
280
    15
 94
      811
310
41534D2042696E61727946696C65341C57000000000000010000000400000007214F70656E2044657369676E20416C6C69616E63652041434953204275696C646572070E41434953203232332E3030204E540718546875204D61792031342031373A34303A3334203230323606000000000000F03F0648AFBC9AF2D77A3E06
310
BBBDD7D9DF7CDB3D0D04626F64790CFFFFFFFF04FFFFFFFF0CFFFFFFFF0C0A0000000CFFFFFFFF0CFFFFFFFF110D05706F696E740CFFFFFFFF04FFFFFFFF0CFFFFFFFF13D31742CEFBFFDF3F00000000000000000000000000000000110D067665727465780CFFFFFFFF04FFFFFFFF0CFFFFFFFF0C0400000004020000000C
310
01000000110E07656C6C697073650D0563757276650CFFFFFFFF04FFFFFFFF0CFFFFFFFF130000000000000000000000000000000000000000000000001400000000000000000000000000000000000000000000F03F14D31742CEFBFFDF3F0000000000000000000000000000008006000000000000F03F0B0B110D046564
310
67650CFFFFFFFF04FFFFFFFF0CFFFFFFFF0C020000000600000000000000000C0200000006182D4454FB2119400C050000000C030000000B0707756E6B6E6F776E110D06636F656467650CFFFFFFFF04FFFFFFFF0CFFFFFFFF0C050000000C050000000CFFFFFFFF0C040000000B0C0600000004000000000CFFFFFFFF110D
310
046C6F6F700CFFFFFFFF04FFFFFFFF0CFFFFFFFF0CFFFFFFFF0C050000000C08000000110E05706C616E650D07737572666163650CFFFFFFFF04FFFFFFFF0CFFFFFFFF13D51742CEFBFFCFBF000000000000903C00000000000000001400000000000000800000000000000000000000000000F03F14000000000000F0BF00
310
0000000000000000000000000000800B0B0B0B0B110D04666163650CFFFFFFFF04FFFFFFFF0CFFFFFFFF0CFFFFFFFF0C060000000C090000000CFFFFFFFF0C070000000B0A0B110D057368656C6C0CFFFFFFFF04FFFFFFFF0CFFFFFFFF0CFFFFFFFF0CFFFFFFFF0C080000000CFFFFFFFF0C0A000000110D046C756D700CFF
310
FFFFFF04FFFFFFFF0CFFFFFFFF0CFFFFFFFF0C090000000C00000000110E03456E640E026F660E0341534D0D0464617461
  0
ACDSRECORD
 90
        1
  2
AcDbDs::ID
280
    10
320
191
  2
ASM_Data
280
    15
 94
      811
310
41534D2042696E61727946696C65341C57000000000000010000000400000007214F70656E2044657369676E20416C6C69616E63652041434953204275696C646572070E41434953203232332E3030204E540718546875204D61792031342031373A34303A3334203230323606000000000000F03F0648AFBC9AF2D77A3E06
310
BBBDD7D9DF7CDB3D0D04626F64790CFFFFFFFF04FFFFFFFF0CFFFFFFFF0C0A0000000CFFFFFFFF0CFFFFFFFF110D05706F696E740CFFFFFFFF04FFFFFFFF0CFFFFFFFF138DFA98CDEB510C4000000000000000000000000000000000110D067665727465780CFFFFFFFF04FFFFFFFF0CFFFFFFFF0C0400000004020000000C
310
01000000110E07656C6C697073650D0563757276650CFFFFFFFF04FFFFFFFF0CFFFFFFFF1352B81E85EB510440000000000000000000000000000000001400000000000000000000000000000000000000000000F03F147684F4900000F03F0000000000000000000000000000008006000000000000F03F0B0B110D046564
310
67650CFFFFFFFF04FFFFFFFF0CFFFFFFFF0C020000000600000000000000000C0200000006182D4454FB2119400C050000000C030000000B0707756E6B6E6F776E110D06636F656467650CFFFFFFFF04FFFFFFFF0CFFFFFFFF0C050000000C050000000CFFFFFFFF0C040000000B0C0600000004000000000CFFFFFFFF110D
310
046C6F6F700CFFFFFFFF04FFFFFFFF0CFFFFFFFF0CFFFFFFFF0C050000000C08000000110E05706C616E650D07737572666163650CFFFFFFFF04FFFFFFFF0CFFFFFFFF133497E160EB510040000000000000A03C00000000000000001400000000000000800000000000000000000000000000F03F14000000000000F0BF00
310
0000000000000000000000000000800B0B0B0B0B110D04666163650CFFFFFFFF04FFFFFFFF0CFFFFFFFF0CFFFFFFFF0C060000000C090000000CFFFFFFFF0C070000000B0A0B110D057368656C6C0CFFFFFFFF04FFFFFFFF0CFFFFFFFF0CFFFFFFFF0CFFFFFFFF0C080000000CFFFFFFFF0C0A000000110D046C756D700CFF
310
FFFFFF04FFFFFFFF0CFFFFFFFF0CFFFFFFFF0C090000000C00000000110E03456E640E026F660E0341534D0D0464617461
  0
ACDSRECORD
 90
        1
  2
AcDbDs::ID
280
    10
320
192
  2
ASM_Data
280
    15
 94
      811
310
41534D2042696E61727946696C65341C57000000000000010000000400000007214F70656E2044657369676E20416C6C69616E63652041434953204275696C646572070E41434953203232332E3030204E540718546875204D61792031342031373A34303A3334203230323606000000000000F03F0648AFBC9AF2D77A3E06
310
BBBDD7D9DF7CDB3D0D04626F64790CFFFFFFFF04FFFFFFFF0CFFFFFFFF0C0A0000000CFFFFFFFF0CFFFFFFFF110D05706F696E740CFFFFFFFF04FFFFFFFF0CFFFFFFFF139742D6091E85094000000000000000000000000000000000110D067665727465780CFFFFFFFF04FFFFFFFF0CFFFFFFFF0C0400000004020000000C
310
01000000110E07656C6C697073650D0563757276650CFFFFFFFF04FFFFFFFF0CFFFFFFFF1352B81E85EB510440000000000000000000000000000000001400000000000000000000000000000000000000000000F03F141529DE12CACCE43F0000000000000000000000000000008006000000000000F03F0B0B110D046564
310
67650CFFFFFFFF04FFFFFFFF0CFFFFFFFF0C020000000600000000000000000C0200000006182D4454FB2119400C050000000C030000000B0707756E6B6E6F776E110D06636F656467650CFFFFFFFF04FFFFFFFF0CFFFFFFFF0C050000000C050000000CFFFFFFFF0C040000000B0C0600000004000000000CFFFFFFFF110D
310
046C6F6F700CFFFFFFFF04FFFFFFFF0CFFFFFFFF0CFFFFFFFF0C050000000C08000000110E05706C616E650D07737572666163650CFFFFFFFF04FFFFFFFF0CFFFFFFFF1330F3C24252B80140000000000000A03C00000000000000001400000000000000800000000000000000000000000000F03F14000000000000F0BF00
310
0000000000000000000000000000800B0B0B0B0B110D04666163650CFFFFFFFF04FFFFFFFF0CFFFFFFFF0CFFFFFFFF0C060000000C090000000CFFFFFFFF0C070000000B0A0B110D057368656C6C0CFFFFFFFF04FFFFFFFF0CFFFFFFFF0CFFFFFFFF0CFFFFFFFF0C080000000CFFFFFFFF0C0A000000110D046C756D700CFF
310
FFFFFF04FFFFFFFF0CFFFFFFFF0CFFFFFFFF0C090000000C00000000110E03456E640E026F660E0341534D0D0464617461
  0
ACDSRECORD
 90
        1
  2
AcDbDs::ID
280
    10
320
194
  2
ASM_Data
280
    15
 94
      811
310
41534D2042696E61727946696C65341C57000000000000010000000400000007214F70656E2044657369676E20416C6C69616E63652041434953204275696C646572070E41434953203232332E3030204E540718546875204D61792031342031373A34303A3334203230323606000000000000F03F0648AFBC9AF2D77A3E06
310
BBBDD7D9DF7CDB3D0D04626F64790CFFFFFFFF04FFFFFFFF0CFFFFFFFF0C0A0000000CFFFFFFFF0CFFFFFFFF110D05706F696E740CFFFFFFFF04FFFFFFFF0CFFFFFFFF137684F4900000F03F00000000000000000000000000000000110D067665727465780CFFFFFFFF04FFFFFFFF0CFFFFFFFF0C0400000004020000000C
310
01000000110E07656C6C697073650D0563757276650CFFFFFFFF04FFFFFFFF0CFFFFFFFF130000000000000000000000000000000000000000000000001400000000000000000000000000000000000000000000F03F147684F4900000F03F0000000000000000000000000000008006000000000000F03F0B0B110D046564
310
67650CFFFFFFFF04FFFFFFFF0CFFFFFFFF0C020000000600000000000000000C0200000006182D4454FB2119400C050000000C030000000B0707756E6B6E6F776E110D06636F656467650CFFFFFFFF04FFFFFFFF0CFFFFFFFF0C050000000C050000000CFFFFFFFF0C040000000B0C0600000004000000000CFFFFFFFF110D
310
046C6F6F700CFFFFFFFF04FFFFFFFF0CFFFFFFFF0CFFFFFFFF0C050000000C08000000110E05706C616E650D07737572666163650CFFFFFFFF04FFFFFFFF0CFFFFFFFF137784F4900000E0BF000000000000A03C00000000000000001400000000000000800000000000000000000000000000F03F14000000000000F0BF00
310
0000000000000000000000000000800B0B0B0B0B110D04666163650CFFFFFFFF04FFFFFFFF0CFFFFFFFF0CFFFFFFFF0C060000000C090000000CFFFFFFFF0C070000000B0A0B110D057368656C6C0CFFFFFFFF04FFFFFFFF0CFFFFFFFF0CFFFFFFFF0CFFFFFFFF0C080000000CFFFFFFFF0C0A000000110D046C756D700CFF
310
FFFFFF04FFFFFFFF0CFFFFFFFF0CFFFFFFFF0C090000000C00000000110E03456E640E026F660E0341534D0D0464617461
  0
ACDSRECORD
 90
        1
  2
AcDbDs::ID
280
    10
320
195
  2
ASM_Data
280
    15
 94
      811
310
41534D2042696E61727946696C65341C57000000000000010000000400000007214F70656E2044657369676E20416C6C69616E63652041434953204275696C646572070E41434953203232332E3030204E540718546875204D61792031342031373A34303A3334203230323606000000000000F03F0648AFBC9AF2D77A3E06
310
BBBDD7D9DF7CDB3D0D04626F64790CFFFFFFFF04FFFFFFFF0CFFFFFFFF0C0A0000000CFFFFFFFF0CFFFFFFFF110D05706F696E740CFFFFFFFF04FFFFFFFF0CFFFFFFFF131529DE12CACCE43F00000000000000000000000000000000110D067665727465780CFFFFFFFF04FFFFFFFF0CFFFFFFFF0C0400000004020000000C
310
01000000110E07656C6C697073650D0563757276650CFFFFFFFF04FFFFFFFF0CFFFFFFFF130000000000000000000000000000000000000000000000001400000000000000000000000000000000000000000000F03F141529DE12CACCE43F0000000000000000000000000000008006000000000000F03F0B0B110D046564
310
67650CFFFFFFFF04FFFFFFFF0CFFFFFFFF0C020000000600000000000000000C0200000006182D4454FB2119400C050000000C030000000B0707756E6B6E6F776E110D06636F656467650CFFFFFFFF04FFFFFFFF0CFFFFFFFF0C050000000C050000000CFFFFFFFF0C040000000B0C0600000004000000000CFFFFFFFF110D
310
046C6F6F700CFFFFFFFF04FFFFFFFF0CFFFFFFFF0CFFFFFFFF0C050000000C08000000110E05706C616E650D07737572666163650CFFFFFFFF04FFFFFFFF0CFFFFFFFF131629DE12CACCD4BF000000000000A03C00000000000000001400000000000000800000000000000000000000000000F03F14000000000000F0BF00
310
0000000000000000000000000000800B0B0B0B0B110D04666163650CFFFFFFFF04FFFFFFFF0CFFFFFFFF0CFFFFFFFF0C060000000C090000000CFFFFFFFF0C070000000B0A0B110D057368656C6C0CFFFFFFFF04FFFFFFFF0CFFFFFFFF0CFFFFFFFF0CFFFFFFFF0C080000000CFFFFFFFF0C0A000000110D046C756D700CFF
310
FFFFFF04FFFFFFFF0CFFFFFFFF0CFFFFFFFF0C090000000C00000000110E03456E640E026F660E0341534D0D0464617461
  0
ENDSEC
  0
EOF
